Unity Editor version:    6000.3.15f1 (c1aa84e375f6)
Branch:                  6000.3/staging
Build type:              Release
Batch mode:              YES
macOS version:           Version 13.6.2 (Build 22G320)
Darwin version:          22.6.0
Architecture:            arm64
Running under Rosetta:   NO
Available memory:        16384 MB
Date:                    2026-05-19T06:16:51Z
[Licensing::Module] Trying to connect to existing licensing client channel...
[Licensing::IpcConnector] Successfully connected to: "LicenseClient-Alex" at "2026-05-19T06:16:51.567418Z"

COMMAND LINE ARGUMENTS:
/Applications/Unity/Hub/Editor/6000.3.15f1/Unity.app/Contents/MacOS/Unity
-adb2
-batchMode
-noUpm
-name
AssetImportWorker1
-projectPath
/Users/Alex/Desktop/Work/Tec/Clases/DSNL/Proyecto Final/Roguelike
-logFile
Logs/AssetImportWorker1.log
-srvPort
55090
-licensingIpc
LicenseClient-Alex
-job-worker-count
4
-background-job-worker-count
8
-gc-helper-count
1
-name AssetImport
Successfully changed project path to: /Users/Alex/Desktop/Work/Tec/Clases/DSNL/Proyecto Final/Roguelike
/Users/Alex/Desktop/Work/Tec/Clases/DSNL/Proyecto Final/Roguelike
[UnityMemory] Configuration Parameters - Can be set up in boot.config
    "memorysetup-allocator-temp-initial-block-size-main=262144"
    "memorysetup-allocator-temp-initial-block-size-worker=262144"
    "memorysetup-temp-allocator-size-background-worker=32768"
    "memorysetup-temp-allocator-size-job-worker=262144"
    "memorysetup-temp-allocator-size-preload-manager=33554432"
    "memorysetup-temp-allocator-size-nav-mesh-worker=65536"
    "memorysetup-temp-allocator-size-audio-worker=65536"
    "memorysetup-temp-allocator-size-cloud-worker=32768"
    "memorysetup-bucket-allocator-granularity=16"
    "memorysetup-bucket-allocator-bucket-count=8"
    "memorysetup-bucket-allocator-block-size=33554432"
    "memorysetup-bucket-allocator-block-count=8"
    "memorysetup-main-allocator-block-size=16777216"
    "memorysetup-thread-allocator-block-size=16777216"
    "memorysetup-gfx-main-allocator-block-size=16777216"
    "memorysetup-gfx-thread-allocator-block-size=16777216"
    "memorysetup-cache-allocator-block-size=4194304"
    "memorysetup-typetree-allocator-block-size=2097152"
    "memorysetup-profiler-bucket-allocator-granularity=16"
    "memorysetup-profiler-bucket-allocator-bucket-count=8"
    "memorysetup-profiler-bucket-allocator-block-size=33554432"
    "memorysetup-profiler-bucket-allocator-block-count=8"
    "memorysetup-profiler-allocator-block-size=16777216"
    "memorysetup-profiler-editor-allocator-block-size=1048576"
    "memorysetup-temp-allocator-size-main=16777216"
    "memorysetup-job-temp-allocator-block-size=2097152"
    "memorysetup-job-temp-allocator-block-size-background=1048576"
    "memorysetup-job-temp-allocator-reduction-small-platforms=262144"
    "memorysetup-temp-allocator-size-gi-baking-worker=262144"
    "memorysetup-temp-allocator-size-gi-baking-worker=262144"
    "memorysetup-temp-allocator-size-gi-baking-worker=262144"
    "memorysetup-temp-allocator-size-gi-baking-worker=262144"
    "memorysetup-temp-allocator-size-gi-baking-worker=262144"
    "memorysetup-temp-allocator-size-gfx=262144"
Player connection [8079646848]  Target information:

Player connection [8079646848]  * "[IP] 192.168.21.154 [Port] 0 [Flags] 2 [Guid] 2262292972 [EditorId] 2262292972 [Version] 1048832 [Id] OSXEditor(0,MacBook-Pro-22.local) [Debug] 1 [PackageName] OSXEditor [ProjectName] Editor" 

Player connection [8079646848]  * "[IP] 10.5.0.2 [Port] 0 [Flags] 2 [Guid] 2262292972 [EditorId] 2262292972 [Version] 1048832 [Id] OSXEditor(0,MacBook-Pro-22.local) [Debug] 1 [PackageName] OSXEditor [ProjectName] Editor" 

Player connection [8079646848] Host joined multi-casting on [225.0.0.222:54997]...
Player connection [8079646848] Host joined alternative multi-casting on [225.0.0.222:34997]...
JobSystem: Creating JobQueue using job-worker-count value 4
Input System module state changed to: Initialized.
[Physics::Module] Initialized fallback backend.
[Physics::Module] Id: 0xdecafbad
Library Redirect Path: Library/
[Physics::Module] Selected backend.
[Physics::Module] Name: PhysX
[Physics::Module] Id: 0xf2b8ea05
[Physics::Module] SDK Version: 4.1.2
[Physics::Module] Integration Version: 1.0.0
[Physics::Module] Threading Mode: Multi-Threaded
Refreshing native plugins compatible for Editor in 34.99 ms, found 5 plugins.
Preloading 0 native plugins for Editor in 0.00 ms.
Initialize engine version: 6000.3.15f1 (c1aa84e375f6)
[Subsystems] Discovering subsystems at path /Applications/Unity/Hub/Editor/6000.3.15f1/Unity.app/Contents/Resources/UnitySubsystems
[Subsystems] Discovering subsystems at path /Users/Alex/Desktop/Work/Tec/Clases/DSNL/Proyecto Final/Roguelike/Assets
GfxDevice: creating device client; kGfxThreadingModeNonThreaded
 preferred device: Apple M1 Pro (high power)
Metal devices available: 1
0: Apple M1 Pro (high power)
Using device Apple M1 Pro (high power)
Initializing Metal device caps: Apple M1 Pro
Mac GPU Family: 2
Apple GPU Family: 7
MSL Version: 3.0
Has Float MSAA: 1
Has Float Filtering: 1
ReadWrite Texture Tier: 2
Initialize mono
Mono path[0] = '/Applications/Unity/Hub/Editor/6000.3.15f1/Unity.app/Contents/Resources/Scripting/Managed'
Mono path[1] = '/Applications/Unity/Hub/Editor/6000.3.15f1/Unity.app/Contents/Resources/Scripting/MonoBleedingEdge/lib/mono/unityjit-macos'
Mono config path = '/Applications/Unity/Hub/Editor/6000.3.15f1/Unity.app/Contents/Resources/Scripting/MonoBleedingEdge/etc'
Using monoOptions --debugger-agent=transport=dt_socket,embedding=1,server=y,suspend=n,address=127.0.0.1:56007
Begin MonoManager ReloadAssembly
[Licensing::Client] Error: HandshakeResponse reported an error:
	ResponseCode: 505
	ResponseStatus: Unsupported protocol version '1.18.1'.
[Licensing::Module] Error: Failed to handshake to channel: "LicenseClient-Alex"
[Licensing::IpcConnector] LicenseClient-Alex channel disconnected successfully.
[Licensing::IpcConnector] Successfully connected to: "LicenseClient-Alex-6000.3.15" at "2026-05-19T06:16:52.146477Z"
Registering precompiled unity dll's ...
Register platform support module: /Applications/Unity/Hub/Editor/6000.3.15f1/Unity.app/Contents/PlaybackEngines/MacStandaloneSupport/UnityEditor.OSXStandalone.Extensions.dll
Registered in 0.000287 seconds.
- Loaded All Assemblies, in  0.380 seconds
Native extension for OSXStandalone target not found
[Licensing::Client] Handshaking with LicensingClient:
  Version:                 1.18.1+9fbee8e
  Session Id:              2a7d9df1ab5748d68694dfb69669b1b4
  Correlation Id:          c0f766aa13add1d354b4cedca8744067
  External correlation Id: 6304001617412143562
  Machine Id:              fCrhWvHADvYwb42OuRYr3C/F7Ys=
[Licensing::Module] Successfully connected to LicensingClient on channel: "LicenseClient-Alex-6000.3.15" (connect: 0.00s, validation: 0.00s, handshake: 0.44s)
[Licensing::IpcConnector] Successfully connected to: "LicenseClient-Alex-6000.3.15-notifications" at "2026-05-19T06:16:52.58557Z"
[Licensing::Module] Licensing Background thread has ended after 1.02s
Package Manager log level set to [2]
[Package Manager] Failed to launch server process. Reason: Unity was launched with the -noUpm command-line argument
[Package Manager] Unable to send message (not connected to server process).
[Package Manager] Cannot connect to Unity Package Manager local server
ScheduleIndexationOnStartup MainProcess:False IndexOnStartup:True
Mono: successfully reloaded assembly
- Finished resetting the current domain, in  0.303 seconds
Domain Reload Profiling: 682ms
	BeginReloadAssembly (142ms)
		ExecutionOrderSort (0ms)
		DisableScriptedObjects (0ms)
		BackupInstance (0ms)
		ReleaseScriptingObjects (0ms)
		CreateAndSetChildDomain (1ms)
	RebuildCommonClasses (37ms)
	RebuildNativeTypeToScriptingClass (11ms)
	initialDomainReloadingComplete (33ms)
	LoadAllAssembliesAndSetupDomain (156ms)
		LoadAssemblies (140ms)
		RebuildTransferFunctionScriptingTraits (0ms)
		AnalyzeDomain (155ms)
			TypeCache.Refresh (153ms)
				TypeCache.ScanAssembly (140ms)
			BuildScriptInfoCaches (0ms)
			ResolveRequiredComponents (0ms)
	FinalizeReload (303ms)
		ReleaseScriptCaches (0ms)
		RebuildScriptCaches (0ms)
		SetupLoadedEditorAssemblies (261ms)
			LogAssemblyErrors (0ms)
			InitializePlatformSupportModulesInManaged (35ms)
			SetLoadedEditorAssemblies (5ms)
			BeforeProcessingInitializeOnLoad (68ms)
			ProcessInitializeOnLoadAttributes (104ms)
			ProcessInitializeOnLoadMethodAttributes (49ms)
			AfterProcessingInitializeOnLoad (0ms)
			EditorAssembliesLoaded (0ms)
		ExecutionOrderSort2 (0ms)
		AwakeInstancesAfterBackupRestoration (0ms)
Assembly reference Packages/com.unity.cinemachine/Editor/Samples/ExposeHDRPInternals/HDRP-Editor-ref.asmref has no target assembly definition
[CoreBusinessMetrics] Unexpected thread when updating session info.
========================================================================
Worker process is ready to serve import requests
Import Worker Mode flag is 0x00
Assembly reference Packages/com.unity.cinemachine/Editor/Samples/ExposeHDRPInternals/HDRP-Editor-ref.asmref has no target assembly definition
Assembly reference Packages/com.unity.cinemachine/Editor/Samples/ExposeHDRPInternals/HDRP-Editor-ref.asmref has no target assembly definition
Begin MonoManager ReloadAssembly
[Licensing::Client] Successfully resolved entitlement details
[Licensing::Module] License group:
  Id: F4-UKUF-79CE-TNGQ-G8N5-XXXX
  Product: Unity Personal
  Type: ULF
  Expiration: Unlimited
[Licensing::Module] License group:
  Id: 4672943753789-UnityPersXXXX
  Product: Unity Personal
  Type: Assigned
  Expiration: Unlimited
- Loaded All Assemblies, in  0.688 seconds
Assembly reference Packages/com.unity.cinemachine/Editor/Samples/ExposeHDRPInternals/HDRP-Editor-ref.asmref has no target assembly definition
Refreshing native plugins compatible for Editor in 2.92 ms, found 5 plugins.
Native extension for OSXStandalone target not found
Assembly reference Packages/com.unity.cinemachine/Editor/Samples/ExposeHDRPInternals/HDRP-Editor-ref.asmref has no target assembly definition
[Package Manager] Failed to launch server process. Reason: Unity was launched with the -noUpm command-line argument
[Package Manager] Unable to send message (not connected to server process).
[Package Manager] Cannot connect to Unity Package Manager local server
[Package Manager] Failed to launch server process. Reason: Unity was launched with the -noUpm command-line argument
[Package Manager] Unable to send message (not connected to server process).
[Package Manager] Cannot connect to Unity Package Manager local server
[Package Manager] Failed to launch server process. Reason: Unity was launched with the -noUpm command-line argument
[Package Manager] Unable to send message (not connected to server process).
[Package Manager] Cannot connect to Unity Package Manager local server
ScheduleIndexationOnStartup MainProcess:False IndexOnStartup:True
Mono: successfully reloaded assembly
- Finished resetting the current domain, in  0.649 seconds
Domain Reload Profiling: 1337ms
	BeginReloadAssembly (106ms)
		ExecutionOrderSort (0ms)
		DisableScriptedObjects (4ms)
		BackupInstance (0ms)
		ReleaseScriptingObjects (0ms)
		CreateAndSetChildDomain (27ms)
	RebuildCommonClasses (36ms)
	RebuildNativeTypeToScriptingClass (12ms)
	initialDomainReloadingComplete (27ms)
	LoadAllAssembliesAndSetupDomain (507ms)
		LoadAssemblies (273ms)
		RebuildTransferFunctionScriptingTraits (0ms)
		AnalyzeDomain (271ms)
			TypeCache.Refresh (198ms)
				TypeCache.ScanAssembly (180ms)
			BuildScriptInfoCaches (59ms)
			ResolveRequiredComponents (10ms)
	FinalizeReload (649ms)
		ReleaseScriptCaches (0ms)
		RebuildScriptCaches (0ms)
		SetupLoadedEditorAssemblies (539ms)
			LogAssemblyErrors (0ms)
			InitializePlatformSupportModulesInManaged (1ms)
			SetLoadedEditorAssemblies (6ms)
			BeforeProcessingInitializeOnLoad (130ms)
			ProcessInitializeOnLoadAttributes (307ms)
			ProcessInitializeOnLoadMethodAttributes (93ms)
			AfterProcessingInitializeOnLoad (1ms)
			EditorAssembliesLoaded (0ms)
		ExecutionOrderSort2 (0ms)
		AwakeInstancesAfterBackupRestoration (2ms)
WARNING: Shader Unsupported: 'Universal Render Pipeline/VR/SpatialMapping/Wireframe' - All subshaders removed
WARNING: Shader Did you use #pragma only_renderers and omit this platform?
WARNING: Shader If subshaders removal was intentional, you may have forgotten turning Fallback off?
WARNING: Shader Unsupported: 'Universal Render Pipeline/VR/SpatialMapping/Wireframe' - All subshaders removed
WARNING: Shader Did you use #pragma only_renderers and omit this platform?
WARNING: Shader If subshaders removal was intentional, you may have forgotten turning Fallback off?
Launching external process: /Applications/Unity/Hub/Editor/6000.3.15f1/Unity.app/Contents/Helpers/UnityShaderCompiler
Launched and connected shader compiler UnityShaderCompiler after 0.06 seconds
Refreshing native plugins compatible for Editor in 3.59 ms, found 5 plugins.
Preloading 0 native plugins for Editor in 0.00 ms.
Unloading 18 Unused Serialized files (Serialized files now loaded: 0)
Unloading 7737 unused Assets / (4.4 MB). Loaded Objects now: 8475.
Memory consumption went from 150.9 MB to 146.6 MB.
Total: 7.591250 ms (FindLiveObjects: 0.438167 ms CreateObjectMapping: 0.237375 ms MarkObjects: 5.118125 ms  DeleteObjects: 1.797084 ms)

========================================================================
Received Import Request.
  Time since last request: 174885.833192 seconds.
  path: Assets/Settings/DefaultVolumeProfile.asset
  artifactKey: Guid(2143edcea16ad9a42b537b1cf85ae6fa) Importer(2089858483,b0f066a214c2f5e87bad3c948f4d605d)
Start importing Assets/Settings/DefaultVolumeProfile.asset using Guid(2143edcea16ad9a42b537b1cf85ae6fa) Importer(2089858483,b0f066a214c2f5e87bad3c948f4d605d) (ScriptedImporter) -> (artifact id: '986b06011b218600dea1c3fa2fe14c4a') in 0.049586833 seconds
Number of updated asset objects reloaded before import = 0Number of asset objects unloaded after import = 0

========================================================================
Received Import Request.
  Time since last request: 0.000058 seconds.
  path: Assets/Plugins/FMOD/src/StudioListener.cs
  artifactKey: Guid(86c6556701af9e04380698b89f691b6e) Importer(2089858483,b0f066a214c2f5e87bad3c948f4d605d)
Start importing Assets/Plugins/FMOD/src/StudioListener.cs using Guid(86c6556701af9e04380698b89f691b6e) Importer(2089858483,b0f066a214c2f5e87bad3c948f4d605d) (ScriptedImporter) -> (artifact id: '17e339424c1762222828fcc512c9680a') in 0.008745541 seconds
Number of updated asset objects reloaded before import = 0Number of asset objects unloaded after import = 0

========================================================================
Received Import Request.
  Time since last request: 0.000048 seconds.
  path: Assets/Settings/Lit2DSceneTemplate.scenetemplate
  artifactKey: Guid(d03ed43fc9d8a4f2e9fa70c1c7916eb9) Importer(2089858483,b0f066a214c2f5e87bad3c948f4d605d)
Start importing Assets/Settings/Lit2DSceneTemplate.scenetemplate using Guid(d03ed43fc9d8a4f2e9fa70c1c7916eb9) Importer(2089858483,b0f066a214c2f5e87bad3c948f4d605d) (ScriptedImporter) -> (artifact id: 'cda05dcdc5871ebafedb5246a4fc833f') in 0.071695042 seconds
Number of updated asset objects reloaded before import = 0Number of asset objects unloaded after import = 3

========================================================================
Received Import Request.
  Time since last request: 0.000047 seconds.
  path: Assets/Plugins/FMOD/images/CrossYellow.png
  artifactKey: Guid(348d2265b48c67342a4db2a7062813fa) Importer(2089858483,b0f066a214c2f5e87bad3c948f4d605d)
Start importing Assets/Plugins/FMOD/images/CrossYellow.png using Guid(348d2265b48c67342a4db2a7062813fa) Importer(2089858483,b0f066a214c2f5e87bad3c948f4d605d) (ScriptedImporter) -> (artifact id: '019cc9e498d42ca100731d329166d4a2') in 0.028567625 seconds
Number of updated asset objects reloaded before import = 0Number of asset objects unloaded after import = 1

========================================================================
Received Import Request.
  Time since last request: 0.000098 seconds.
  path: Assets/Plugins/FMOD/src/fmod_errors.cs
  artifactKey: Guid(6e0992509b0077e479d2da05c8f52eb0) Importer(2089858483,b0f066a214c2f5e87bad3c948f4d605d)
Start importing Assets/Plugins/FMOD/src/fmod_errors.cs using Guid(6e0992509b0077e479d2da05c8f52eb0) Importer(2089858483,b0f066a214c2f5e87bad3c948f4d605d) (ScriptedImporter) -> (artifact id: '2ca10a2741190d4a5db1f51e926dff55') in 0.002043334 seconds
Number of updated asset objects reloaded before import = 0Number of asset objects unloaded after import = 0

========================================================================
Received Import Request.
  Time since last request: 0.000051 seconds.
  path: Assets/Plugins/FMOD/src/PlatformPlayInEditor.cs
  artifactKey: Guid(335f0a4b26fb46942858ea029e030d2a) Importer(2089858483,b0f066a214c2f5e87bad3c948f4d605d)
Start importing Assets/Plugins/FMOD/src/PlatformPlayInEditor.cs using Guid(335f0a4b26fb46942858ea029e030d2a) Importer(2089858483,b0f066a214c2f5e87bad3c948f4d605d) (ScriptedImporter) -> (artifact id: '6127d962858c43d510a34135967ac07d') in 0.00223525 seconds
Number of updated asset objects reloaded before import = 0Number of asset objects unloaded after import = 0

========================================================================
Received Import Request.
  Time since last request: 0.000048 seconds.
  path: Assets/Roguelike2D/ExtendedVersion/Scripts/MainMenu.cs
  artifactKey: Guid(12fe2de96b16cc44188c6595e83d8a1b) Importer(2089858483,b0f066a214c2f5e87bad3c948f4d605d)
Start importing Assets/Roguelike2D/ExtendedVersion/Scripts/MainMenu.cs using Guid(12fe2de96b16cc44188c6595e83d8a1b) Importer(2089858483,b0f066a214c2f5e87bad3c948f4d605d) (ScriptedImporter) -> (artifact id: '4b83a6da8e536f7dcbd34e9aec55f516') in 0.002364542 seconds
Number of updated asset objects reloaded before import = 0Number of asset objects unloaded after import = 0

========================================================================
Received Import Request.
  Time since last request: 0.000076 seconds.
  path: Assets/Plugins/FMOD/src/StudioBankLoader.cs
  artifactKey: Guid(b9468c5f457ace64f8d4df6d642b107f) Importer(2089858483,b0f066a214c2f5e87bad3c948f4d605d)
Start importing Assets/Plugins/FMOD/src/StudioBankLoader.cs using Guid(b9468c5f457ace64f8d4df6d642b107f) Importer(2089858483,b0f066a214c2f5e87bad3c948f4d605d) (ScriptedImporter) -> (artifact id: 'cee34a41bbc8bbb75a8bf1a80edd5d5d') in 0.0018215 seconds
Number of updated asset objects reloaded before import = 0Number of asset objects unloaded after import = 0

========================================================================
Received Import Request.
  Time since last request: 0.000052 seconds.
  path: Assets/Roguelike2D/TutorialAssets/Sprites/SnowTheme.png
  artifactKey: Guid(56b5efc0288bc754883726732f33cc3c) Importer(2089858483,b0f066a214c2f5e87bad3c948f4d605d)
Start importing Assets/Roguelike2D/TutorialAssets/Sprites/SnowTheme.png using Guid(56b5efc0288bc754883726732f33cc3c) Importer(2089858483,b0f066a214c2f5e87bad3c948f4d605d) (ScriptedImporter) -> (artifact id: 'd810ae0416ba4b8f764707e28391880c') in 0.0347935 seconds
Number of updated asset objects reloaded before import = 0Number of asset objects unloaded after import = 44

========================================================================
Received Import Request.
  Time since last request: 0.000048 seconds.
  path: Assets/Roguelike2D/TutorialAssets/Fonts/PressStart2P-Regular.ttf
  artifactKey: Guid(b284a6525342f44599e9ce79e37c2d61) Importer(2089858483,b0f066a214c2f5e87bad3c948f4d605d)
Start importing Assets/Roguelike2D/TutorialAssets/Fonts/PressStart2P-Regular.ttf using Guid(b284a6525342f44599e9ce79e37c2d61) Importer(2089858483,b0f066a214c2f5e87bad3c948f4d605d) (ScriptedImporter) -> (artifact id: '493fb053fb040a62103c1e8f402daf71') in 0.00977275 seconds
Number of updated asset objects reloaded before import = 0Number of asset objects unloaded after import = 3

========================================================================
Received Import Request.
  Time since last request: 0.000049 seconds.
  path: Assets/Plugins/FMOD/images/TransportPlayButtonOn.png
  artifactKey: Guid(2d777c9a14189d241aea1afeeeff448c) Importer(2089858483,b0f066a214c2f5e87bad3c948f4d605d)
Start importing Assets/Plugins/FMOD/images/TransportPlayButtonOn.png using Guid(2d777c9a14189d241aea1afeeeff448c) Importer(2089858483,b0f066a214c2f5e87bad3c948f4d605d) (ScriptedImporter) -> (artifact id: 'e23642012b7e41948b1a45df28366be2') in 0.005223209 seconds
Number of updated asset objects reloaded before import = 0Number of asset objects unloaded after import = 1

========================================================================
Received Import Request.
  Time since last request: 0.000048 seconds.
  path: Assets/Roguelike2D/TutorialAssets/Sprites/UrbanWalking.png
  artifactKey: Guid(c8fe4ad74cabb44859ea670d91d85fe9) Importer(2089858483,b0f066a214c2f5e87bad3c948f4d605d)
Start importing Assets/Roguelike2D/TutorialAssets/Sprites/UrbanWalking.png using Guid(c8fe4ad74cabb44859ea670d91d85fe9) Importer(2089858483,b0f066a214c2f5e87bad3c948f4d605d) (ScriptedImporter) -> (artifact id: '607f0945047a9bb6c3e66962f4f0b29b') in 0.009958084 seconds
Number of updated asset objects reloaded before import = 0Number of asset objects unloaded after import = 8

========================================================================
Received Import Request.
  Time since last request: 0.000047 seconds.
  path: Assets/Roguelike2D/TutorialVersion/Prefab/TutorialEnemy.prefab
  artifactKey: Guid(d10018116f0a0384faaa86b6e3abacbf) Importer(2089858483,b0f066a214c2f5e87bad3c948f4d605d)
Start importing Assets/Roguelike2D/TutorialVersion/Prefab/TutorialEnemy.prefab using Guid(d10018116f0a0384faaa86b6e3abacbf) Importer(2089858483,b0f066a214c2f5e87bad3c948f4d605d) (ScriptedImporter) -> (artifact id: '396cd399ceedf0eeaa9dec9d032fbc73') in 0.0348795 seconds
Number of updated asset objects reloaded before import = 0Number of asset objects unloaded after import = 13

========================================================================
Received Import Request.
  Time since last request: 0.000050 seconds.
  path: Assets/Roguelike2D/TutorialVersion/Animations/TutorialEnemy.controller
  artifactKey: Guid(8e4fec25e165df748afc60da746e15d2) Importer(2089858483,b0f066a214c2f5e87bad3c948f4d605d)
Start importing Assets/Roguelike2D/TutorialVersion/Animations/TutorialEnemy.controller using Guid(8e4fec25e165df748afc60da746e15d2) Importer(2089858483,b0f066a214c2f5e87bad3c948f4d605d) (ScriptedImporter) -> (artifact id: 'c75f684d6a248b7afd22596527045903') in 0.002835458 seconds
Number of updated asset objects reloaded before import = 0Number of asset objects unloaded after import = 4

========================================================================
Received Import Request.
  Time since last request: 0.000067 seconds.
  path: Assets/Plugins/FMOD/images/LabeledParameterIcon.png
  artifactKey: Guid(b4d696e5c0be6f44bb2f02aa41320656) Importer(2089858483,b0f066a214c2f5e87bad3c948f4d605d)
Start importing Assets/Plugins/FMOD/images/LabeledParameterIcon.png using Guid(b4d696e5c0be6f44bb2f02aa41320656) Importer(2089858483,b0f066a214c2f5e87bad3c948f4d605d) (ScriptedImporter) -> (artifact id: '9513522a5552bf07b9d36a5c6d4d80b4') in 0.005316792 seconds
Number of updated asset objects reloaded before import = 0Number of asset objects unloaded after import = 1

========================================================================
Received Import Request.
  Time since last request: 0.000047 seconds.
  path: Assets/Plugins/FMOD/images/StudioIcon.png
  artifactKey: Guid(a4edfa5854cdec34b98b1c55f0562bdd) Importer(2089858483,b0f066a214c2f5e87bad3c948f4d605d)
Start importing Assets/Plugins/FMOD/images/StudioIcon.png using Guid(a4edfa5854cdec34b98b1c55f0562bdd) Importer(2089858483,b0f066a214c2f5e87bad3c948f4d605d) (ScriptedImporter) -> (artifact id: 'a2454612597c687d2d3ebcced697f67e') in 0.005900125 seconds
Number of updated asset objects reloaded before import = 0Number of asset objects unloaded after import = 1

========================================================================
Received Import Request.
  Time since last request: 0.000042 seconds.
  path: Assets/Roguelike2D/ExtendedVersion/Scripts/BoardManager.cs
  artifactKey: Guid(d3ce669cf163344e58ab435f4052fe99) Importer(2089858483,b0f066a214c2f5e87bad3c948f4d605d)
Start importing Assets/Roguelike2D/ExtendedVersion/Scripts/BoardManager.cs using Guid(d3ce669cf163344e58ab435f4052fe99) Importer(2089858483,b0f066a214c2f5e87bad3c948f4d605d) (ScriptedImporter) -> (artifact id: '654a025e7395dcc04efb5ed2afb909a5') in 0.00202975 seconds
Number of updated asset objects reloaded before import = 0Number of asset objects unloaded after import = 0

========================================================================
Received Import Request.
  Time since last request: 0.000057 seconds.
  path: Assets/Settings/Renderer2D.asset
  artifactKey: Guid(424799608f7334c24bf367e4bbfa7f9a) Importer(2089858483,b0f066a214c2f5e87bad3c948f4d605d)
Start importing Assets/Settings/Renderer2D.asset using Guid(424799608f7334c24bf367e4bbfa7f9a) Importer(2089858483,b0f066a214c2f5e87bad3c948f4d605d) (ScriptedImporter) -> (artifact id: '1bdb50bd9ffa286858712d16d584ad40') in 0.017263083 seconds
Number of updated asset objects reloaded before import = 0Number of asset objects unloaded after import = 1

========================================================================
Received Import Request.
  Time since last request: 0.000073 seconds.
  path: Assets/Plugins/FMOD/images/TransportOpen.png
  artifactKey: Guid(b0fb832e401d1514a9611735d8d340b1) Importer(2089858483,b0f066a214c2f5e87bad3c948f4d605d)
Start importing Assets/Plugins/FMOD/images/TransportOpen.png using Guid(b0fb832e401d1514a9611735d8d340b1) Importer(2089858483,b0f066a214c2f5e87bad3c948f4d605d) (ScriptedImporter) -> (artifact id: 'c51502e1bc5fe08d20b7075769417f91') in 0.006375625 seconds
Number of updated asset objects reloaded before import = 0Number of asset objects unloaded after import = 1

========================================================================
Received Import Request.
  Time since last request: 0.000042 seconds.
  path: Assets/Plugins/FMOD/src/PlatformMobileHigh.cs
  artifactKey: Guid(93a382382f106584e8f8f62412fee177) Importer(2089858483,b0f066a214c2f5e87bad3c948f4d605d)
Start importing Assets/Plugins/FMOD/src/PlatformMobileHigh.cs using Guid(93a382382f106584e8f8f62412fee177) Importer(2089858483,b0f066a214c2f5e87bad3c948f4d605d) (ScriptedImporter) -> (artifact id: 'e44f85387342948f494ed5cf1fba2b4f') in 0.002105708 seconds
Number of updated asset objects reloaded before import = 0Number of asset objects unloaded after import = 0

========================================================================
Received Import Request.
  Time since last request: 0.000051 seconds.
  path: Assets/Plugins/FMOD/README.txt
  artifactKey: Guid(081074d1d9d6ab448b88688c3730e8a1) Importer(2089858483,b0f066a214c2f5e87bad3c948f4d605d)
Start importing Assets/Plugins/FMOD/README.txt using Guid(081074d1d9d6ab448b88688c3730e8a1) Importer(2089858483,b0f066a214c2f5e87bad3c948f4d605d) (ScriptedImporter) -> (artifact id: '55a6556575087fafd87696bcc8be8b9f') in 0.001998958 seconds
Number of updated asset objects reloaded before import = 0Number of asset objects unloaded after import = 1

========================================================================
Received Import Request.
  Time since last request: 0.000068 seconds.
  path: Assets/Roguelike2D/ExtendedVersion/Scripts/GameManager.cs
  artifactKey: Guid(2df048a28755f494092e37e063e4797f) Importer(2089858483,b0f066a214c2f5e87bad3c948f4d605d)
Start importing Assets/Roguelike2D/ExtendedVersion/Scripts/GameManager.cs using Guid(2df048a28755f494092e37e063e4797f) Importer(2089858483,b0f066a214c2f5e87bad3c948f4d605d) (ScriptedImporter) -> (artifact id: '1f06d867117a15c47ee11a4b034fc747') in 0.002407042 seconds
Number of updated asset objects reloaded before import = 0Number of asset objects unloaded after import = 0

========================================================================
Received Import Request.
  Time since last request: 0.000043 seconds.
  path: Assets/Plugins/FMOD/images/TransportPlayButtonOff.png
  artifactKey: Guid(29258b1336a580946bc144df00b74ac1) Importer(2089858483,b0f066a214c2f5e87bad3c948f4d605d)
Start importing Assets/Plugins/FMOD/images/TransportPlayButtonOff.png using Guid(29258b1336a580946bc144df00b74ac1) Importer(2089858483,b0f066a214c2f5e87bad3c948f4d605d) (ScriptedImporter) -> (artifact id: '74464347742398c6becf02ebfa1c151d') in 0.004782958 seconds
Number of updated asset objects reloaded before import = 0Number of asset objects unloaded after import = 1

========================================================================
Received Import Request.
  Time since last request: 0.000049 seconds.
  path: Assets/Plugins/FMOD/images/Border.png
  artifactKey: Guid(40848578d1961334d820821bec6175a4) Importer(2089858483,b0f066a214c2f5e87bad3c948f4d605d)
Start importing Assets/Plugins/FMOD/images/Border.png using Guid(40848578d1961334d820821bec6175a4) Importer(2089858483,b0f066a214c2f5e87bad3c948f4d605d) (ScriptedImporter) -> (artifact id: 'e81db28eec3070904ae42cf952f8025e') in 0.00501325 seconds
Number of updated asset objects reloaded before import = 0Number of asset objects unloaded after import = 1

========================================================================
Received Import Request.
  Time since last request: 0.000044 seconds.
  path: Assets/Plugins/FMOD/src/PlatformGroup.cs
  artifactKey: Guid(6d049eb0281db9c4abd635ba1c79cb7b) Importer(2089858483,b0f066a214c2f5e87bad3c948f4d605d)
Start importing Assets/Plugins/FMOD/src/PlatformGroup.cs using Guid(6d049eb0281db9c4abd635ba1c79cb7b) Importer(2089858483,b0f066a214c2f5e87bad3c948f4d605d) (ScriptedImporter) -> (artifact id: '902d6a882add083e3001a1505e59c107') in 0.002113958 seconds
Number of updated asset objects reloaded before import = 0Number of asset objects unloaded after import = 0

========================================================================
Received Import Request.
  Time since last request: 0.000055 seconds.
  path: Assets/Roguelike2D/TutorialVersion/Scripts/FoodObject.cs
  artifactKey: Guid(524e2e8a0494f734ca87f8cdcaa92972) Importer(2089858483,b0f066a214c2f5e87bad3c948f4d605d)
Start importing Assets/Roguelike2D/TutorialVersion/Scripts/FoodObject.cs using Guid(524e2e8a0494f734ca87f8cdcaa92972) Importer(2089858483,b0f066a214c2f5e87bad3c948f4d605d) (ScriptedImporter) -> (artifact id: '57864e5c24763bf0b7067b4f7ce13d11') in 0.002181917 seconds
Number of updated asset objects reloaded before import = 0Number of asset objects unloaded after import = 0

========================================================================
Received Import Request.
  Time since last request: 0.000050 seconds.
  path: Assets/Plugins/FMOD/src/Editor/ListView.cs
  artifactKey: Guid(1573bef36bd46e34f8f2b4dad628a461) Importer(2089858483,b0f066a214c2f5e87bad3c948f4d605d)
Start importing Assets/Plugins/FMOD/src/Editor/ListView.cs using Guid(1573bef36bd46e34f8f2b4dad628a461) Importer(2089858483,b0f066a214c2f5e87bad3c948f4d605d) (ScriptedImporter) -> (artifact id: '8f7d1683c01d8d83de105f40ec36ad1d') in 0.002069083 seconds
Number of updated asset objects reloaded before import = 0Number of asset objects unloaded after import = 0

========================================================================
Received Import Request.
  Time since last request: 0.000046 seconds.
  path: Assets/Roguelike2D/TutorialVersion/Scripts/PlayerController.cs
  artifactKey: Guid(1de6e645eb230af4aa0862196f58dfdf) Importer(2089858483,b0f066a214c2f5e87bad3c948f4d605d)
Start importing Assets/Roguelike2D/TutorialVersion/Scripts/PlayerController.cs using Guid(1de6e645eb230af4aa0862196f58dfdf) Importer(2089858483,b0f066a214c2f5e87bad3c948f4d605d) (ScriptedImporter) -> (artifact id: '2ca38c9a812672856a787a8efff9d000') in 0.001801833 seconds
Number of updated asset objects reloaded before import = 0Number of asset objects unloaded after import = 0

========================================================================
Received Import Request.
  Time since last request: 0.000061 seconds.
  path: Assets/Plugins/FMOD/src/Editor/BoltIntegration.cs
  artifactKey: Guid(f876942dd549ef444a82ab923e75ccb1) Importer(2089858483,b0f066a214c2f5e87bad3c948f4d605d)
Start importing Assets/Plugins/FMOD/src/Editor/BoltIntegration.cs using Guid(f876942dd549ef444a82ab923e75ccb1) Importer(2089858483,b0f066a214c2f5e87bad3c948f4d605d) (ScriptedImporter) -> (artifact id: '70f6f9de13f787783fac2ca713acc86d') in 0.002394 seconds
Number of updated asset objects reloaded before import = 0Number of asset objects unloaded after import = 0

========================================================================
Received Import Request.
  Time since last request: 0.000058 seconds.
  path: Assets/Plugins/FMOD/src/Editor/BankRefresher.cs
  artifactKey: Guid(e564c074e96205b49b91ff80126983c5) Importer(2089858483,b0f066a214c2f5e87bad3c948f4d605d)
Start importing Assets/Plugins/FMOD/src/Editor/BankRefresher.cs using Guid(e564c074e96205b49b91ff80126983c5) Importer(2089858483,b0f066a214c2f5e87bad3c948f4d605d) (ScriptedImporter) -> (artifact id: 'acb588a861815875a9c5e822c08403de') in 0.002318791 seconds
Number of updated asset objects reloaded before import = 0Number of asset objects unloaded after import = 0

========================================================================
Received Import Request.
  Time since last request: 0.000071 seconds.
  path: Assets/Roguelike2D/TutorialVersion/UI/GameUI.uxml
  artifactKey: Guid(9318e0c229260dd4b979b255328a4e1a) Importer(2089858483,b0f066a214c2f5e87bad3c948f4d605d)
Start importing Assets/Roguelike2D/TutorialVersion/UI/GameUI.uxml using Guid(9318e0c229260dd4b979b255328a4e1a) Importer(2089858483,b0f066a214c2f5e87bad3c948f4d605d) (ScriptedImporter) -> (artifact id: 'f10044663c55cd249c9545c82c06920d') in 0.045718542 seconds
Number of updated asset objects reloaded before import = 0Number of asset objects unloaded after import = 4

========================================================================
Received Import Request.
  Time since last request: 0.000052 seconds.
  path: Assets/Plugins/FMOD/src/Editor/EditorEventRef.cs
  artifactKey: Guid(ceb653cd98e289a4e8697a1af55201f2) Importer(2089858483,b0f066a214c2f5e87bad3c948f4d605d)
Start importing Assets/Plugins/FMOD/src/Editor/EditorEventRef.cs using Guid(ceb653cd98e289a4e8697a1af55201f2) Importer(2089858483,b0f066a214c2f5e87bad3c948f4d605d) (ScriptedImporter) -> (artifact id: '26fb0ffd2b5ce25885b3c0a4863756b2') in 0.002195541 seconds
Number of updated asset objects reloaded before import = 0Number of asset objects unloaded after import = 0

========================================================================
Received Import Request.
  Time since last request: 0.000048 seconds.
  path: Assets/Plugins/FMOD/src/Editor/FMODEventPlayableEditor.cs
  artifactKey: Guid(fa325be8441506c4bb1462c8333ccce9) Importer(2089858483,b0f066a214c2f5e87bad3c948f4d605d)
Start importing Assets/Plugins/FMOD/src/Editor/FMODEventPlayableEditor.cs using Guid(fa325be8441506c4bb1462c8333ccce9) Importer(2089858483,b0f066a214c2f5e87bad3c948f4d605d) (ScriptedImporter) -> (artifact id: '6eb6b3fcb77893f3be11cd4c0993dce6') in 0.002588583 seconds
Number of updated asset objects reloaded before import = 0Number of asset objects unloaded after import = 0

========================================================================
Received Import Request.
  Time since last request: 0.000043 seconds.
  path: Assets/Plugins/FMOD/images/TickGreen.png
  artifactKey: Guid(27533226416c4f549b9bec9c024100f7) Importer(2089858483,b0f066a214c2f5e87bad3c948f4d605d)
Start importing Assets/Plugins/FMOD/images/TickGreen.png using Guid(27533226416c4f549b9bec9c024100f7) Importer(2089858483,b0f066a214c2f5e87bad3c948f4d605d) (ScriptedImporter) -> (artifact id: 'ac1d7bf983bdfa36065f10e934a41821') in 0.005137542 seconds
Number of updated asset objects reloaded before import = 0Number of asset objects unloaded after import = 1

========================================================================
Received Import Request.
  Time since last request: 0.000041 seconds.
  path: Assets/Roguelike2D/TutorialAssets/Audio/fruit2.aif
  artifactKey: Guid(062161c1897a54088a5430f8c197e1b8) Importer(2089858483,b0f066a214c2f5e87bad3c948f4d605d)
Start importing Assets/Roguelike2D/TutorialAssets/Audio/fruit2.aif using Guid(062161c1897a54088a5430f8c197e1b8) Importer(2089858483,b0f066a214c2f5e87bad3c948f4d605d) (ScriptedImporter) -> (artifact id: 'fe8560924f7f1d82eb023ea588376ecc') in 0.014607792 seconds
Number of updated asset objects reloaded before import = 0Number of asset objects unloaded after import = 1

========================================================================
Received Import Request.
  Time since last request: 0.000049 seconds.
  path: Assets/UniversalRenderPipelineGlobalSettings.asset
  artifactKey: Guid(93b439a37f63240aca3dd4e01d978a9f) Importer(2089858483,b0f066a214c2f5e87bad3c948f4d605d)
Start importing Assets/UniversalRenderPipelineGlobalSettings.asset using Guid(93b439a37f63240aca3dd4e01d978a9f) Importer(2089858483,b0f066a214c2f5e87bad3c948f4d605d) (ScriptedImporter) -> (artifact id: '86781ce11a6cee196c749cc8f5455be2') in 0.013880542 seconds
Number of updated asset objects reloaded before import = 0Number of asset objects unloaded after import = 21

========================================================================
Received Import Request.
  Time since last request: 0.000064 seconds.
  path: Assets/Plugins/FMOD/src/Editor/FMODUnityEditor.asmdef
  artifactKey: Guid(aab3caaf43456d6449a3e035348ff798) Importer(2089858483,b0f066a214c2f5e87bad3c948f4d605d)
Start importing Assets/Plugins/FMOD/src/Editor/FMODUnityEditor.asmdef using Guid(aab3caaf43456d6449a3e035348ff798) Importer(2089858483,b0f066a214c2f5e87bad3c948f4d605d) (ScriptedImporter) -> (artifact id: 'da3e0fa48aa5e3b122628ab0fdfc1d9b') in 0.002594958 seconds
Number of updated asset objects reloaded before import = 0Number of asset objects unloaded after import = 1

========================================================================
Received Import Request.
  Time since last request: 0.000057 seconds.
  path: Assets/Settings/Build Profiles/TutorialVersion.asset
  artifactKey: Guid(31ff583163283994aa9c4988dae4408d) Importer(2089858483,b0f066a214c2f5e87bad3c948f4d605d)
Start importing Assets/Settings/Build Profiles/TutorialVersion.asset using Guid(31ff583163283994aa9c4988dae4408d) Importer(2089858483,b0f066a214c2f5e87bad3c948f4d605d) (ScriptedImporter)Missing types referenced from component BuildProfile on game object TutorialVersion:
	UnityEditor.WebGL.WebGLPlatformSettings, UnityEditor.WebGL.Extensions (1 object)
 -> (artifact id: 'c06ac7c9f26a1718fe7e78077e7823dd') in 0.018214166 seconds
Number of updated asset objects reloaded before import = 0Number of asset objects unloaded after import = 1

========================================================================
Received Import Request.
  Time since last request: 0.000039 seconds.
  path: Assets/Plugins/FMOD/images/FolderIconOpen.png
  artifactKey: Guid(d2b54e4f7f80b9448a41d3c5985f5672) Importer(2089858483,b0f066a214c2f5e87bad3c948f4d605d)
Start importing Assets/Plugins/FMOD/images/FolderIconOpen.png using Guid(d2b54e4f7f80b9448a41d3c5985f5672) Importer(2089858483,b0f066a214c2f5e87bad3c948f4d605d) (ScriptedImporter) -> (artifact id: 'a4c3f61f157d179f3ba4ca7534c3d643') in 0.00517075 seconds
Number of updated asset objects reloaded before import = 0Number of asset objects unloaded after import = 1

========================================================================
Received Import Request.
  Time since last request: 0.000057 seconds.
  path: Assets/Plugins/FMOD/src/Editor/EventManager.cs
  artifactKey: Guid(1fc38201a5edb994c874a4a61e96053b) Importer(2089858483,b0f066a214c2f5e87bad3c948f4d605d)
Start importing Assets/Plugins/FMOD/src/Editor/EventManager.cs using Guid(1fc38201a5edb994c874a4a61e96053b) Importer(2089858483,b0f066a214c2f5e87bad3c948f4d605d) (ScriptedImporter) -> (artifact id: '121441db1aee00bb1a26944103ca38c1') in 0.003385792 seconds
Number of updated asset objects reloaded before import = 0Number of asset objects unloaded after import = 0

========================================================================
Received Import Request.
  Time since last request: 0.000071 seconds.
  path: Assets/Roguelike2D/TutorialVersion/UI/TutorialPanelSettings.asset
  artifactKey: Guid(f595f4b2218deb542adf35789c0d93b4) Importer(2089858483,b0f066a214c2f5e87bad3c948f4d605d)
Start importing Assets/Roguelike2D/TutorialVersion/UI/TutorialPanelSettings.asset using Guid(f595f4b2218deb542adf35789c0d93b4) Importer(2089858483,b0f066a214c2f5e87bad3c948f4d605d) (ScriptedImporter) -> (artifact id: '532f796815e8e5d91c82b3364e48796d') in 0.030087167 seconds
Number of updated asset objects reloaded before import = 0Number of asset objects unloaded after import = 29

========================================================================
Received Import Request.
  Time since last request: 0.000050 seconds.
  path: Assets/Plugins/FMOD/src/FMODEventPlayable.cs
  artifactKey: Guid(987a467495df9d942b56b1b51381d095) Importer(2089858483,b0f066a214c2f5e87bad3c948f4d605d)
Start importing Assets/Plugins/FMOD/src/FMODEventPlayable.cs using Guid(987a467495df9d942b56b1b51381d095) Importer(2089858483,b0f066a214c2f5e87bad3c948f4d605d) (ScriptedImporter) -> (artifact id: '7b758ecc27bc5a3b328908a01535c5a7') in 0.001848667 seconds
Number of updated asset objects reloaded before import = 0Number of asset objects unloaded after import = 0

========================================================================
Received Import Request.
  Time since last request: 0.000056 seconds.
  path: Assets/Roguelike2D/TutorialVersion/Scripts/CellObject.cs
  artifactKey: Guid(a5277c41a78089944a34a86cf1d27eda) Importer(2089858483,b0f066a214c2f5e87bad3c948f4d605d)
Start importing Assets/Roguelike2D/TutorialVersion/Scripts/CellObject.cs using Guid(a5277c41a78089944a34a86cf1d27eda) Importer(2089858483,b0f066a214c2f5e87bad3c948f4d605d) (ScriptedImporter) -> (artifact id: '5d01e94f7bc618fd38676b32257be16a') in 0.001882625 seconds
Number of updated asset objects reloaded before import = 0Number of asset objects unloaded after import = 0

========================================================================
Received Import Request.
  Time since last request: 0.000050 seconds.
  path: Assets/Roguelike2D/ExtendedVersion/Themes/Sand/SandLevelItems.asset
  artifactKey: Guid(54b69a971b479a747af6237319a250dc) Importer(2089858483,b0f066a214c2f5e87bad3c948f4d605d)
Start importing Assets/Roguelike2D/ExtendedVersion/Themes/Sand/SandLevelItems.asset using Guid(54b69a971b479a747af6237319a250dc) Importer(2089858483,b0f066a214c2f5e87bad3c948f4d605d) (ScriptedImporter) -> (artifact id: '63c52a1d08004716f8a139e151d565bc') in 0.004406083 seconds
Number of updated asset objects reloaded before import = 0Number of asset objects unloaded after import = 14

========================================================================
Received Import Request.
  Time since last request: 0.000057 seconds.
  path: Assets/Roguelike2D/ExtendedVersion/Themes/Urban/UrbanLevelItems.asset
  artifactKey: Guid(d25a8b4912ddc0e488ec4928708bf213) Importer(2089858483,b0f066a214c2f5e87bad3c948f4d605d)
Start importing Assets/Roguelike2D/ExtendedVersion/Themes/Urban/UrbanLevelItems.asset using Guid(d25a8b4912ddc0e488ec4928708bf213) Importer(2089858483,b0f066a214c2f5e87bad3c948f4d605d) (ScriptedImporter) -> (artifact id: '5e203152714cfd329a1cb18bba886ab3') in 0.006560667 seconds
Number of updated asset objects reloaded before import = 0Number of asset objects unloaded after import = 16

========================================================================
Received Import Request.
  Time since last request: 0.000052 seconds.
  path: Assets/Roguelike2D/ExtendedVersion/Scripts/Helpers/MovingObjectSystem.cs
  artifactKey: Guid(d77017ed3a2d2a045a04611fa3148b59) Importer(2089858483,b0f066a214c2f5e87bad3c948f4d605d)
Start importing Assets/Roguelike2D/ExtendedVersion/Scripts/Helpers/MovingObjectSystem.cs using Guid(d77017ed3a2d2a045a04611fa3148b59) Importer(2089858483,b0f066a214c2f5e87bad3c948f4d605d) (ScriptedImporter) -> (artifact id: '27c1c60a1b131dbf909760f8b7529495') in 0.00207975 seconds
Number of updated asset objects reloaded before import = 0Number of asset objects unloaded after import = 0

========================================================================
Received Import Request.
  Time since last request: 0.000064 seconds.
  path: Assets/Plugins/FMOD/src/Editor/StudioEventEmitterEditor.cs
  artifactKey: Guid(2b044fd4ebf2c42468e1f41d5e2b879c) Importer(2089858483,b0f066a214c2f5e87bad3c948f4d605d)
Start importing Assets/Plugins/FMOD/src/Editor/StudioEventEmitterEditor.cs using Guid(2b044fd4ebf2c42468e1f41d5e2b879c) Importer(2089858483,b0f066a214c2f5e87bad3c948f4d605d) (ScriptedImporter) -> (artifact id: '6b08e45fbc79fc14cd84f52c881e93fd') in 0.00216275 seconds
Number of updated asset objects reloaded before import = 0Number of asset objects unloaded after import = 0

========================================================================
Received Import Request.
  Time since last request: 0.000036 seconds.
  path: Assets/Roguelike2D/ExtendedVersion/Scripts/CellObjects/FoodDesertFish.cs
  artifactKey: Guid(48cc79a9b711d4a68abfe20ed64b02ac) Importer(2089858483,b0f066a214c2f5e87bad3c948f4d605d)
Start importing Assets/Roguelike2D/ExtendedVersion/Scripts/CellObjects/FoodDesertFish.cs using Guid(48cc79a9b711d4a68abfe20ed64b02ac) Importer(2089858483,b0f066a214c2f5e87bad3c948f4d605d) (ScriptedImporter) -> (artifact id: 'a96b3c689445fdbc20ebce530202c827') in 0.00190575 seconds
Number of updated asset objects reloaded before import = 0Number of asset objects unloaded after import = 0

========================================================================
Received Import Request.
  Time since last request: 0.000053 seconds.
  path: Assets/Plugins/FMOD/src/Editor/StudioListenerEditor.cs
  artifactKey: Guid(847f8505c25f5cf42adba68a26f2cda6) Importer(2089858483,b0f066a214c2f5e87bad3c948f4d605d)
Start importing Assets/Plugins/FMOD/src/Editor/StudioListenerEditor.cs using Guid(847f8505c25f5cf42adba68a26f2cda6) Importer(2089858483,b0f066a214c2f5e87bad3c948f4d605d) (ScriptedImporter) -> (artifact id: 'b749dc2d033bf9a49eea6e890e2ea36a') in 0.002016042 seconds
Number of updated asset objects reloaded before import = 0Number of asset objects unloaded after import = 0

========================================================================
Received Import Request.
  Time since last request: 0.000048 seconds.
  path: Assets/Roguelike2D/ExtendedVersion/Scripts/CellObjects/FoodObject.cs
  artifactKey: Guid(e40d87cffffc5dc4d98b83b49f022152) Importer(2089858483,b0f066a214c2f5e87bad3c948f4d605d)
Start importing Assets/Roguelike2D/ExtendedVersion/Scripts/CellObjects/FoodObject.cs using Guid(e40d87cffffc5dc4d98b83b49f022152) Importer(2089858483,b0f066a214c2f5e87bad3c948f4d605d) (ScriptedImporter) -> (artifact id: 'da9f56dd1a93c9112cee75e51c0ececa') in 0.002124125 seconds
Number of updated asset objects reloaded before import = 0Number of asset objects unloaded after import = 0

========================================================================
Received Import Request.
  Time since last request: 0.000058 seconds.
  path: Assets/Roguelike2D/ExtendedVersion/UI/UI Toolkit/PanelSettings.asset
  artifactKey: Guid(9603c8682d16845869c85bd41f68d78a) Importer(2089858483,b0f066a214c2f5e87bad3c948f4d605d)
Start importing Assets/Roguelike2D/ExtendedVersion/UI/UI Toolkit/PanelSettings.asset using Guid(9603c8682d16845869c85bd41f68d78a) Importer(2089858483,b0f066a214c2f5e87bad3c948f4d605d) (ScriptedImporter) -> (artifact id: 'eacc33b876126e37e6df705ff110b7f8') in 0.010013 seconds
Number of updated asset objects reloaded before import = 0Number of asset objects unloaded after import = 29

========================================================================
Received Import Request.
  Time since last request: 0.000042 seconds.
  path: Assets/Plugins/FMOD/src/Editor/SettingsEditor.cs
  artifactKey: Guid(353a9c870c318f74fa5fdcd475129bae) Importer(2089858483,b0f066a214c2f5e87bad3c948f4d605d)
Start importing Assets/Plugins/FMOD/src/Editor/SettingsEditor.cs using Guid(353a9c870c318f74fa5fdcd475129bae) Importer(2089858483,b0f066a214c2f5e87bad3c948f4d605d) (ScriptedImporter) -> (artifact id: 'c1c894734b55811df8b963e7e5fbfcaf') in 0.001870667 seconds
Number of updated asset objects reloaded before import = 0Number of asset objects unloaded after import = 0

========================================================================
Received Import Request.
  Time since last request: 0.000041 seconds.
  path: Assets/Roguelike2D/ExtendedVersion/Scripts/Data/WorldTheme.cs
  artifactKey: Guid(ef1823c1d15b8264dbb8cfc3b65504cd) Importer(2089858483,b0f066a214c2f5e87bad3c948f4d605d)
Start importing Assets/Roguelike2D/ExtendedVersion/Scripts/Data/WorldTheme.cs using Guid(ef1823c1d15b8264dbb8cfc3b65504cd) Importer(2089858483,b0f066a214c2f5e87bad3c948f4d605d) (ScriptedImporter) -> (artifact id: 'd6a5437f7733405774296cd30b16b273') in 0.001857959 seconds
Number of updated asset objects reloaded before import = 0Number of asset objects unloaded after import = 0

========================================================================
Received Import Request.
  Time since last request: 0.000050 seconds.
  path: Assets/Plugins/FMOD/src/Editor/ParamRefDrawer.cs
  artifactKey: Guid(ea88808aa26cd614db1c5c1dcbb14d4e) Importer(2089858483,b0f066a214c2f5e87bad3c948f4d605d)
Start importing Assets/Plugins/FMOD/src/Editor/ParamRefDrawer.cs using Guid(ea88808aa26cd614db1c5c1dcbb14d4e) Importer(2089858483,b0f066a214c2f5e87bad3c948f4d605d) (ScriptedImporter) -> (artifact id: '17dc8610d90ecac43d9070918682ed88') in 0.001922458 seconds
Number of updated asset objects reloaded before import = 0Number of asset objects unloaded after import = 0

========================================================================
Received Import Request.
  Time since last request: 0.000076 seconds.
  path: Assets/Roguelike2D/ExtendedVersion/Scenes/Menu.unity
  artifactKey: Guid(26895f558c1866c49b7f2f0aad0d506c) Importer(2089858483,b0f066a214c2f5e87bad3c948f4d605d)
Start importing Assets/Roguelike2D/ExtendedVersion/Scenes/Menu.unity using Guid(26895f558c1866c49b7f2f0aad0d506c) Importer(2089858483,b0f066a214c2f5e87bad3c948f4d605d) (ScriptedImporter) -> (artifact id: 'ef885871924aac5d149f34870e8f1906') in 0.005085125 seconds
Number of updated asset objects reloaded before import = 0Number of asset objects unloaded after import = 1

========================================================================
Received Import Request.
  Time since last request: 0.000033 seconds.
  path: Assets/Roguelike2D/ExtendedVersion/Scripts/CellObjects/Enemy.cs
  artifactKey: Guid(6814ed006bc8ee6418e5fb98cd657c74) Importer(2089858483,b0f066a214c2f5e87bad3c948f4d605d)
Start importing Assets/Roguelike2D/ExtendedVersion/Scripts/CellObjects/Enemy.cs using Guid(6814ed006bc8ee6418e5fb98cd657c74) Importer(2089858483,b0f066a214c2f5e87bad3c948f4d605d) (ScriptedImporter) -> (artifact id: '0f9eb01549edebfc479e4ae1392b5e52') in 0.002036333 seconds
Number of updated asset objects reloaded before import = 0Number of asset objects unloaded after import = 0

========================================================================
Received Import Request.
  Time since last request: 0.000062 seconds.
  path: Assets/Plugins/FMOD/src/BankRefAttribute.cs
  artifactKey: Guid(a8ab5f38e7776644297d8b3687c39b49) Importer(2089858483,b0f066a214c2f5e87bad3c948f4d605d)
Start importing Assets/Plugins/FMOD/src/BankRefAttribute.cs using Guid(a8ab5f38e7776644297d8b3687c39b49) Importer(2089858483,b0f066a214c2f5e87bad3c948f4d605d) (ScriptedImporter) -> (artifact id: '2f4442a8c0e18934b788e7e07b143f57') in 0.002158917 seconds
Number of updated asset objects reloaded before import = 0Number of asset objects unloaded after import = 0

========================================================================
Received Import Request.
  Time since last request: 0.000056 seconds.
  path: Assets/Scenes/SampleScene.unity
  artifactKey: Guid(8c9cfa26abfee488c85f1582747f6a02) Importer(2089858483,b0f066a214c2f5e87bad3c948f4d605d)
Start importing Assets/Scenes/SampleScene.unity using Guid(8c9cfa26abfee488c85f1582747f6a02) Importer(2089858483,b0f066a214c2f5e87bad3c948f4d605d) (ScriptedImporter) -> (artifact id: '3c9182ee165794b4206f9f9416abe9a3') in 0.0022045 seconds
Number of updated asset objects reloaded before import = 0Number of asset objects unloaded after import = 1

========================================================================
Received Import Request.
  Time since last request: 0.000050 seconds.
  path: Assets/Settings/UniversalRP.asset
  artifactKey: Guid(681886c5eb7344803b6206f758bf0b1c) Importer(2089858483,b0f066a214c2f5e87bad3c948f4d605d)
Start importing Assets/Settings/UniversalRP.asset using Guid(681886c5eb7344803b6206f758bf0b1c) Importer(2089858483,b0f066a214c2f5e87bad3c948f4d605d) (ScriptedImporter) -> (artifact id: '8a3b21170315b215bd71b1d8fcee9ce6') in 0.034474959 seconds
Number of updated asset objects reloaded before import = 0Number of asset objects unloaded after import = 1

========================================================================
Received Import Request.
  Time since last request: 0.000043 seconds.
  path: Assets/Plugins/FMOD/src/PlatformDefault.cs
  artifactKey: Guid(9587379c972e4a54da1949613f11e1c6) Importer(2089858483,b0f066a214c2f5e87bad3c948f4d605d)
Start importing Assets/Plugins/FMOD/src/PlatformDefault.cs using Guid(9587379c972e4a54da1949613f11e1c6) Importer(2089858483,b0f066a214c2f5e87bad3c948f4d605d) (ScriptedImporter) -> (artifact id: '7d6560d233e08b471f7c0bd4dbde57a4') in 0.002326917 seconds
Number of updated asset objects reloaded before import = 0Number of asset objects unloaded after import = 0

========================================================================
Received Import Request.
  Time since last request: 0.000051 seconds.
  path: Assets/Plugins/FMOD/images/AddIcon.png
  artifactKey: Guid(3300e81f02e64924eb7cb7782713b126) Importer(2089858483,b0f066a214c2f5e87bad3c948f4d605d)
Start importing Assets/Plugins/FMOD/images/AddIcon.png using Guid(3300e81f02e64924eb7cb7782713b126) Importer(2089858483,b0f066a214c2f5e87bad3c948f4d605d) (ScriptedImporter) -> (artifact id: '2dfee39898d70c5db33879902c54a101') in 0.006200541 seconds
Number of updated asset objects reloaded before import = 0Number of asset objects unloaded after import = 1

========================================================================
Received Import Request.
  Time since last request: 0.000048 seconds.
  path: Assets/InputSystem_Actions.inputactions
  artifactKey: Guid(2bcd2660ca9b64942af0de543d8d7100) Importer(2089858483,b0f066a214c2f5e87bad3c948f4d605d)
Start importing Assets/InputSystem_Actions.inputactions using Guid(2bcd2660ca9b64942af0de543d8d7100) Importer(2089858483,b0f066a214c2f5e87bad3c948f4d605d) (ScriptedImporter) -> (artifact id: 'eec94a86e39687ffc3e2c4ced8519215') in 0.124389833 seconds
Number of updated asset objects reloaded before import = 0Number of asset objects unloaded after import = 22

========================================================================
Received Import Request.
  Time since last request: 0.000077 seconds.
  path: Assets/Plugins/FMOD/platforms/ios/lib/libfmodstudiounityplugin.a
  artifactKey: Guid(79c89db1833831740aee981c0d90d2d4) Importer(2089858483,b0f066a214c2f5e87bad3c948f4d605d)
Start importing Assets/Plugins/FMOD/platforms/ios/lib/libfmodstudiounityplugin.a using Guid(79c89db1833831740aee981c0d90d2d4) Importer(2089858483,b0f066a214c2f5e87bad3c948f4d605d) (ScriptedImporter) -> (artifact id: 'b19d874009d772bd4687a87c8d6bb97f') in 0.003594042 seconds
Number of updated asset objects reloaded before import = 0Number of asset objects unloaded after import = 0

========================================================================
Received Import Request.
  Time since last request: 0.000051 seconds.
  path: Assets/Roguelike2D/ExtendedVersion/Themes/Sand/Prefabs/SandAmbience.prefab
  artifactKey: Guid(3a4f4ac43d5a14e808b83aba01e2dd6b) Importer(2089858483,b0f066a214c2f5e87bad3c948f4d605d)
Start importing Assets/Roguelike2D/ExtendedVersion/Themes/Sand/Prefabs/SandAmbience.prefab using Guid(3a4f4ac43d5a14e808b83aba01e2dd6b) Importer(2089858483,b0f066a214c2f5e87bad3c948f4d605d) (ScriptedImporter) -> (artifact id: '392f56d9bcc3fee5c3d7cf8f53a4d641') in 0.004788375 seconds
Number of updated asset objects reloaded before import = 0Number of asset objects unloaded after import = 5

========================================================================
Received Import Request.
  Time since last request: 0.000036 seconds.
  path: Assets/Plugins/FMOD/platforms/html5/lib/libfmodstudiounitypluginL.bc
  artifactKey: Guid(2dab3dda051681d4a9ea3ed67cb9877f) Importer(2089858483,b0f066a214c2f5e87bad3c948f4d605d)
Start importing Assets/Plugins/FMOD/platforms/html5/lib/libfmodstudiounitypluginL.bc using Guid(2dab3dda051681d4a9ea3ed67cb9877f) Importer(2089858483,b0f066a214c2f5e87bad3c948f4d605d) (ScriptedImporter) -> (artifact id: '48b00b886daab37552a824e2e30428f5') in 0.0020895 seconds
Number of updated asset objects reloaded before import = 0Number of asset objects unloaded after import = 0

========================================================================
Received Import Request.
  Time since last request: 0.000096 seconds.
  path: Assets/Plugins/FMOD/platforms/ios/lib/libresonanceaudio.a
  artifactKey: Guid(bc5d15d8f7607af478126b815040cbd2) Importer(2089858483,b0f066a214c2f5e87bad3c948f4d605d)
Start importing Assets/Plugins/FMOD/platforms/ios/lib/libresonanceaudio.a using Guid(bc5d15d8f7607af478126b815040cbd2) Importer(2089858483,b0f066a214c2f5e87bad3c948f4d605d) (ScriptedImporter) -> (artifact id: 'ed6fac2d3cebece5f98131cc5c063bb4') in 0.002362042 seconds
Number of updated asset objects reloaded before import = 0Number of asset objects unloaded after import = 0

========================================================================
Received Import Request.
  Time since last request: 0.000121 seconds.
  path: Assets/Roguelike2D/ExtendedVersion/Themes/Sand/Prefabs/SandEnemy_1.prefab
  artifactKey: Guid(4b6784b528ead0b4c9418c933f686378) Importer(2089858483,b0f066a214c2f5e87bad3c948f4d605d)
Start importing Assets/Roguelike2D/ExtendedVersion/Themes/Sand/Prefabs/SandEnemy_1.prefab using Guid(4b6784b528ead0b4c9418c933f686378) Importer(2089858483,b0f066a214c2f5e87bad3c948f4d605d) (ScriptedImporter) -> (artifact id: 'b4a2a9a35898e26ce9dc718222fd7067') in 0.009417583 seconds
Number of updated asset objects reloaded before import = 0Number of asset objects unloaded after import = 29

========================================================================
Received Import Request.
  Time since last request: 0.000057 seconds.
  path: Assets/Plugins/FMOD/platforms/visionos/lib/libfmodstudio_xros.a
  artifactKey: Guid(b06ee804ac1c44c538ef636ef4e034c1) Importer(2089858483,b0f066a214c2f5e87bad3c948f4d605d)
Start importing Assets/Plugins/FMOD/platforms/visionos/lib/libfmodstudio_xros.a using Guid(b06ee804ac1c44c538ef636ef4e034c1) Importer(2089858483,b0f066a214c2f5e87bad3c948f4d605d) (ScriptedImporter) -> (artifact id: 'a016bd12b1f82f6575c9d85e953ff43b') in 0.0022505 seconds
Number of updated asset objects reloaded before import = 0Number of asset objects unloaded after import = 0

========================================================================
Received Import Request.
  Time since last request: 0.000051 seconds.
  path: Assets/Plugins/FMOD/platforms/android/lib/fmod.jar
  artifactKey: Guid(cba124c31f7e10640bc2ff9464f8ac15) Importer(2089858483,b0f066a214c2f5e87bad3c948f4d605d)
Start importing Assets/Plugins/FMOD/platforms/android/lib/fmod.jar using Guid(cba124c31f7e10640bc2ff9464f8ac15) Importer(2089858483,b0f066a214c2f5e87bad3c948f4d605d) (ScriptedImporter) -> (artifact id: '6600faa120e8f768529264efbab177e4') in 0.002107458 seconds
Number of updated asset objects reloaded before import = 0Number of asset objects unloaded after import = 0

========================================================================
Received Import Request.
  Time since last request: 0.000079 seconds.
  path: Assets/Plugins/FMOD/platforms/linux/src/PlatformLinux.cs
  artifactKey: Guid(73549a74f689f0849a8271d9e908c514) Importer(2089858483,b0f066a214c2f5e87bad3c948f4d605d)
Start importing Assets/Plugins/FMOD/platforms/linux/src/PlatformLinux.cs using Guid(73549a74f689f0849a8271d9e908c514) Importer(2089858483,b0f066a214c2f5e87bad3c948f4d605d) (ScriptedImporter) -> (artifact id: '8c3fd327849e76e734ed4c56b5c994a2') in 0.002119542 seconds
Number of updated asset objects reloaded before import = 0Number of asset objects unloaded after import = 0

========================================================================
Received Import Request.
  Time since last request: 0.000039 seconds.
  path: Assets/Plugins/FMOD/platforms/ios/lib/libfmodstudiounitypluginsimulator.a
  artifactKey: Guid(26235204f425d41479c8e41c99e96f50) Importer(2089858483,b0f066a214c2f5e87bad3c948f4d605d)
Start importing Assets/Plugins/FMOD/platforms/ios/lib/libfmodstudiounitypluginsimulator.a using Guid(26235204f425d41479c8e41c99e96f50) Importer(2089858483,b0f066a214c2f5e87bad3c948f4d605d) (ScriptedImporter) -> (artifact id: '5661e86e6b70d6586dfd314294afded8') in 0.002779875 seconds
Number of updated asset objects reloaded before import = 0Number of asset objects unloaded after import = 0

========================================================================
Received Import Request.
  Time since last request: 0.000040 seconds.
  path: Assets/Plugins/FMOD/platforms/tvos/lib/libfmodstudiounitypluginL.a
  artifactKey: Guid(982978af662f9ea43b7979c7f61bbad3) Importer(2089858483,b0f066a214c2f5e87bad3c948f4d605d)
Start importing Assets/Plugins/FMOD/platforms/tvos/lib/libfmodstudiounitypluginL.a using Guid(982978af662f9ea43b7979c7f61bbad3) Importer(2089858483,b0f066a214c2f5e87bad3c948f4d605d) (ScriptedImporter) -> (artifact id: 'b80c3bfcf2234e91c97e324e7b4b941e') in 0.002203791 seconds
Number of updated asset objects reloaded before import = 0Number of asset objects unloaded after import = 0

========================================================================
Received Import Request.
  Time since last request: 0.000057 seconds.
  path: Assets/Plugins/FMOD/addons/ResonanceAudio/Editor/FMODUnityResonanceEditor.asmdef
  artifactKey: Guid(194213485063a984b98ce9410892267a) Importer(2089858483,b0f066a214c2f5e87bad3c948f4d605d)
Start importing Assets/Plugins/FMOD/addons/ResonanceAudio/Editor/FMODUnityResonanceEditor.asmdef using Guid(194213485063a984b98ce9410892267a) Importer(2089858483,b0f066a214c2f5e87bad3c948f4d605d) (ScriptedImporter) -> (artifact id: 'b40b7f6ffaa6ac40961bb8caae717a2d') in 0.002129958 seconds
Number of updated asset objects reloaded before import = 0Number of asset objects unloaded after import = 1

========================================================================
Received Import Request.
  Time since last request: 0.000040 seconds.
  path: Assets/Roguelike2D/TutorialAssets/Sprites/UI/Speed.png
  artifactKey: Guid(0187514e78e25254b8c3fe5387cd58b4) Importer(2089858483,b0f066a214c2f5e87bad3c948f4d605d)
Start importing Assets/Roguelike2D/TutorialAssets/Sprites/UI/Speed.png using Guid(0187514e78e25254b8c3fe5387cd58b4) Importer(2089858483,b0f066a214c2f5e87bad3c948f4d605d) (ScriptedImporter) -> (artifact id: 'de7c2950993152f69a7145caa29b55f4') in 0.006979958 seconds
Number of updated asset objects reloaded before import = 0Number of asset objects unloaded after import = 3

========================================================================
Received Import Request.
  Time since last request: 0.000054 seconds.
  path: Assets/Plugins/FMOD/platforms/tvos/lib/libfmodstudiounitypluginsimulatorL.a
  artifactKey: Guid(649598f6abf894e128aa33102756da99) Importer(2089858483,b0f066a214c2f5e87bad3c948f4d605d)
Start importing Assets/Plugins/FMOD/platforms/tvos/lib/libfmodstudiounitypluginsimulatorL.a using Guid(649598f6abf894e128aa33102756da99) Importer(2089858483,b0f066a214c2f5e87bad3c948f4d605d) (ScriptedImporter) -> (artifact id: '3426ccef5aa386572d1698f1e2a3a232') in 0.002498333 seconds
Number of updated asset objects reloaded before import = 0Number of asset objects unloaded after import = 0

========================================================================
Received Import Request.
  Time since last request: 0.000051 seconds.
  path: Assets/Plugins/FMOD/platforms/html5/src/PlatformWebGL.cs
  artifactKey: Guid(b87314b32fbe18943af496e4b47136c6) Importer(2089858483,b0f066a214c2f5e87bad3c948f4d605d)
Start importing Assets/Plugins/FMOD/platforms/html5/src/PlatformWebGL.cs using Guid(b87314b32fbe18943af496e4b47136c6) Importer(2089858483,b0f066a214c2f5e87bad3c948f4d605d) (ScriptedImporter) -> (artifact id: '48317b7e09fa6a9549aee6f30365f8ff') in 0.002129041 seconds
Number of updated asset objects reloaded before import = 0Number of asset objects unloaded after import = 0

========================================================================
Received Import Request.
  Time since last request: 0.000105 seconds.
  path: Assets/Plugins/FMOD/src/Editor/FileReorganizer.cs
  artifactKey: Guid(3349615af02d64e4e8d1026e228c4a25) Importer(2089858483,b0f066a214c2f5e87bad3c948f4d605d)
Start importing Assets/Plugins/FMOD/src/Editor/FileReorganizer.cs using Guid(3349615af02d64e4e8d1026e228c4a25) Importer(2089858483,b0f066a214c2f5e87bad3c948f4d605d) (ScriptedImporter) -> (artifact id: '5f7d488b7c8883533984f3b21fca081d') in 0.00203575 seconds
Number of updated asset objects reloaded before import = 0Number of asset objects unloaded after import = 0

========================================================================
Received Import Request.
  Time since last request: 0.000038 seconds.
  path: Assets/Plugins/FMOD/src/StudioParameterTrigger.cs
  artifactKey: Guid(744a208c85da6d04c861d81b992e4ead) Importer(2089858483,b0f066a214c2f5e87bad3c948f4d605d)
Start importing Assets/Plugins/FMOD/src/StudioParameterTrigger.cs using Guid(744a208c85da6d04c861d81b992e4ead) Importer(2089858483,b0f066a214c2f5e87bad3c948f4d605d) (ScriptedImporter) -> (artifact id: '8399a6eb4b2716410807d1aa7baacf7f') in 0.002010292 seconds
Number of updated asset objects reloaded before import = 0Number of asset objects unloaded after import = 0

========================================================================
Received Import Request.
  Time since last request: 0.000047 seconds.
  path: Assets/Plugins/FMOD/images/BrowserIcon.png
  artifactKey: Guid(c783b763d12874147876e070661b66ab) Importer(2089858483,b0f066a214c2f5e87bad3c948f4d605d)
Start importing Assets/Plugins/FMOD/images/BrowserIcon.png using Guid(c783b763d12874147876e070661b66ab) Importer(2089858483,b0f066a214c2f5e87bad3c948f4d605d) (ScriptedImporter) -> (artifact id: '944435c2aa902d6ac4b84f4805e42794') in 0.005015792 seconds
Number of updated asset objects reloaded before import = 0Number of asset objects unloaded after import = 1

========================================================================
Received Import Request.
  Time since last request: 0.000042 seconds.
  path: Assets/Roguelike2D/ExtendedVersion/Themes/Sand/Prefabs/SandPlayer.prefab
  artifactKey: Guid(11d944df650817c4da19dc30168e1411) Importer(2089858483,b0f066a214c2f5e87bad3c948f4d605d)
Start importing Assets/Roguelike2D/ExtendedVersion/Themes/Sand/Prefabs/SandPlayer.prefab using Guid(11d944df650817c4da19dc30168e1411) Importer(2089858483,b0f066a214c2f5e87bad3c948f4d605d) (ScriptedImporter) -> (artifact id: '21a5836562c438ea13764e1d6e6c4cc0') in 0.009544458 seconds
Number of updated asset objects reloaded before import = 0Number of asset objects unloaded after import = 31

========================================================================
Received Import Request.
  Time since last request: 0.000046 seconds.
  path: Assets/Roguelike2D/ExtendedVersion/Themes/Snow/Prefabs/SnowEnemy_2.prefab
  artifactKey: Guid(1a48df818f4953e4dbf709dc26c9b455) Importer(2089858483,b0f066a214c2f5e87bad3c948f4d605d)
Start importing Assets/Roguelike2D/ExtendedVersion/Themes/Snow/Prefabs/SnowEnemy_2.prefab using Guid(1a48df818f4953e4dbf709dc26c9b455) Importer(2089858483,b0f066a214c2f5e87bad3c948f4d605d) (ScriptedImporter) -> (artifact id: '90784d2fbbcbda06b4417731a2d807e9') in 0.007469083 seconds
Number of updated asset objects reloaded before import = 0Number of asset objects unloaded after import = 29

========================================================================
Received Import Request.
  Time since last request: 0.000039 seconds.
  path: Assets/Roguelike2D/ExtendedVersion/Themes/Snow/Prefabs/SnowFood_small.prefab
  artifactKey: Guid(19b2b844f05c80f4cb792363d0565d0f) Importer(2089858483,b0f066a214c2f5e87bad3c948f4d605d)
Start importing Assets/Roguelike2D/ExtendedVersion/Themes/Snow/Prefabs/SnowFood_small.prefab using Guid(19b2b844f05c80f4cb792363d0565d0f) Importer(2089858483,b0f066a214c2f5e87bad3c948f4d605d) (ScriptedImporter) -> (artifact id: '8f4f4b0b81bf31118329f3fc3c8d2bb3') in 0.006836458 seconds
Number of updated asset objects reloaded before import = 0Number of asset objects unloaded after import = 10

========================================================================
Received Import Request.
  Time since last request: 0.000044 seconds.
  path: Assets/Roguelike2D/ExtendedVersion/Themes/Snow/Prefabs/SnowEnemy_1.prefab
  artifactKey: Guid(8f246ac5f9aa08f44a5fd2851da082a9) Importer(2089858483,b0f066a214c2f5e87bad3c948f4d605d)
Start importing Assets/Roguelike2D/ExtendedVersion/Themes/Snow/Prefabs/SnowEnemy_1.prefab using Guid(8f246ac5f9aa08f44a5fd2851da082a9) Importer(2089858483,b0f066a214c2f5e87bad3c948f4d605d) (ScriptedImporter) -> (artifact id: '5a77fd128bda8ce0d85987a10206da43') in 0.007388167 seconds
Number of updated asset objects reloaded before import = 0Number of asset objects unloaded after import = 29

========================================================================
Received Import Request.
  Time since last request: 0.000043 seconds.
  path: Assets/Roguelike2D/ExtendedVersion/Themes/Sand/Tiles/Scavengers2_SpriteSheet_37 1.asset
  artifactKey: Guid(2afc762600ae6604abceb0d7e56bed24) Importer(2089858483,b0f066a214c2f5e87bad3c948f4d605d)
Start importing Assets/Roguelike2D/ExtendedVersion/Themes/Sand/Tiles/Scavengers2_SpriteSheet_37 1.asset using Guid(2afc762600ae6604abceb0d7e56bed24) Importer(2089858483,b0f066a214c2f5e87bad3c948f4d605d) (ScriptedImporter) -> (artifact id: '82acc4a6bc0f2cb1a18ed8fd5286a812') in 0.007313833 seconds
Number of updated asset objects reloaded before import = 0Number of asset objects unloaded after import = 2

========================================================================
Received Import Request.
  Time since last request: 0.000050 seconds.
  path: Assets/Roguelike2D/ExtendedVersion/Themes/Snow/Prefabs/SnowFood_Big.prefab
  artifactKey: Guid(bdfa17d60b126f247aedb377889124fd) Importer(2089858483,b0f066a214c2f5e87bad3c948f4d605d)
Start importing Assets/Roguelike2D/ExtendedVersion/Themes/Snow/Prefabs/SnowFood_Big.prefab using Guid(bdfa17d60b126f247aedb377889124fd) Importer(2089858483,b0f066a214c2f5e87bad3c948f4d605d) (ScriptedImporter) -> (artifact id: '58163ed4c4cc435d40771b6e65b11ae4') in 0.00482475 seconds
Number of updated asset objects reloaded before import = 0Number of asset objects unloaded after import = 10

========================================================================
Received Import Request.
  Time since last request: 0.000055 seconds.
  path: Assets/Roguelike2D/ExtendedVersion/Themes/Sand/Tiles/Scavengers2_SpriteSheet_29 1.asset
  artifactKey: Guid(47e86f7d5da19384a8b0389fe56f5c71) Importer(2089858483,b0f066a214c2f5e87bad3c948f4d605d)
Start importing Assets/Roguelike2D/ExtendedVersion/Themes/Sand/Tiles/Scavengers2_SpriteSheet_29 1.asset using Guid(47e86f7d5da19384a8b0389fe56f5c71) Importer(2089858483,b0f066a214c2f5e87bad3c948f4d605d) (ScriptedImporter) -> (artifact id: '57bd7dccc78ca5bb8d9185461af356b9') in 0.003040541 seconds
Number of updated asset objects reloaded before import = 0Number of asset objects unloaded after import = 2

========================================================================
Received Import Request.
  Time since last request: 0.000045 seconds.
  path: Assets/Roguelike2D/ExtendedVersion/Themes/Snow/Tiles/Scavengers2_SpriteSheet_28.asset
  artifactKey: Guid(cdc6151429b1c874886da32825949c5b) Importer(2089858483,b0f066a214c2f5e87bad3c948f4d605d)
Start importing Assets/Roguelike2D/ExtendedVersion/Themes/Snow/Tiles/Scavengers2_SpriteSheet_28.asset using Guid(cdc6151429b1c874886da32825949c5b) Importer(2089858483,b0f066a214c2f5e87bad3c948f4d605d) (ScriptedImporter) -> (artifact id: '96645a3a74c16cb8a1c4e6bb2ae56a70') in 0.002824042 seconds
Number of updated asset objects reloaded before import = 0Number of asset objects unloaded after import = 2

========================================================================
Received Import Request.
  Time since last request: 0.000068 seconds.
  path: Assets/Roguelike2D/ExtendedVersion/Themes/Sand/Tiles/Scavengers2_SpriteSheet_38 1.asset
  artifactKey: Guid(64a0754f94144964dadbd598b38da559) Importer(2089858483,b0f066a214c2f5e87bad3c948f4d605d)
Start importing Assets/Roguelike2D/ExtendedVersion/Themes/Sand/Tiles/Scavengers2_SpriteSheet_38 1.asset using Guid(64a0754f94144964dadbd598b38da559) Importer(2089858483,b0f066a214c2f5e87bad3c948f4d605d) (ScriptedImporter) -> (artifact id: '97c4b782b67004842ad7f844195e11cb') in 0.003155708 seconds
Number of updated asset objects reloaded before import = 0Number of asset objects unloaded after import = 2

========================================================================
Received Import Request.
  Time since last request: 0.000072 seconds.
  path: Assets/Roguelike2D/ExtendedVersion/Themes/Sand/Tiles/Scavengers2_SpriteSheet_39 1.asset
  artifactKey: Guid(41c306239ac8cc04c9e109b9eda8973e) Importer(2089858483,b0f066a214c2f5e87bad3c948f4d605d)
Start importing Assets/Roguelike2D/ExtendedVersion/Themes/Sand/Tiles/Scavengers2_SpriteSheet_39 1.asset using Guid(41c306239ac8cc04c9e109b9eda8973e) Importer(2089858483,b0f066a214c2f5e87bad3c948f4d605d) (ScriptedImporter) -> (artifact id: 'f2eaa0cc3f2af84b992b82e74f2f68a0') in 0.002520708 seconds
Number of updated asset objects reloaded before import = 0Number of asset objects unloaded after import = 2

========================================================================
Received Import Request.
  Time since last request: 0.000040 seconds.
  path: Assets/Roguelike2D/ExtendedVersion/Themes/Sand/Prefabs/SandWall.prefab
  artifactKey: Guid(5121fb1ab18c8254d80bb4c497d4ce8c) Importer(2089858483,b0f066a214c2f5e87bad3c948f4d605d)
Start importing Assets/Roguelike2D/ExtendedVersion/Themes/Sand/Prefabs/SandWall.prefab using Guid(5121fb1ab18c8254d80bb4c497d4ce8c) Importer(2089858483,b0f066a214c2f5e87bad3c948f4d605d) (ScriptedImporter) -> (artifact id: 'ba7b60dbaa7cbd05be53664c83678e77') in 0.005428125 seconds
Number of updated asset objects reloaded before import = 0Number of asset objects unloaded after import = 9

========================================================================
Received Import Request.
  Time since last request: 0.000064 seconds.
  path: Assets/Roguelike2D/ExtendedVersion/Themes/Sand/Tiles/Scavengers2_SpriteSheet_33 1.asset
  artifactKey: Guid(409199884dfdd3140ae84daf6c142875) Importer(2089858483,b0f066a214c2f5e87bad3c948f4d605d)
Start importing Assets/Roguelike2D/ExtendedVersion/Themes/Sand/Tiles/Scavengers2_SpriteSheet_33 1.asset using Guid(409199884dfdd3140ae84daf6c142875) Importer(2089858483,b0f066a214c2f5e87bad3c948f4d605d) (ScriptedImporter) -> (artifact id: 'bcc2f0eabf5fb603a83f3d7829e0867f') in 0.00274725 seconds
Number of updated asset objects reloaded before import = 0Number of asset objects unloaded after import = 2

========================================================================
Received Import Request.
  Time since last request: 0.000062 seconds.
  path: Assets/Roguelike2D/ExtendedVersion/Themes/Sand/Prefabs/SandFood_Big.prefab
  artifactKey: Guid(c0a12fe8e88ecb84aa47527ea8486c70) Importer(2089858483,b0f066a214c2f5e87bad3c948f4d605d)
Start importing Assets/Roguelike2D/ExtendedVersion/Themes/Sand/Prefabs/SandFood_Big.prefab using Guid(c0a12fe8e88ecb84aa47527ea8486c70) Importer(2089858483,b0f066a214c2f5e87bad3c948f4d605d) (ScriptedImporter) -> (artifact id: '7216ae20b92cbe6616b13bbd17423ebc') in 0.004709375 seconds
Number of updated asset objects reloaded before import = 0Number of asset objects unloaded after import = 8

========================================================================
Received Import Request.
  Time since last request: 0.000045 seconds.
  path: Assets/Roguelike2D/ExtendedVersion/Themes/Snow/Prefabs/SnowExitCell.prefab
  artifactKey: Guid(d8689c8c81b383646ae5ca6c144b9e0c) Importer(2089858483,b0f066a214c2f5e87bad3c948f4d605d)
Start importing Assets/Roguelike2D/ExtendedVersion/Themes/Snow/Prefabs/SnowExitCell.prefab using Guid(d8689c8c81b383646ae5ca6c144b9e0c) Importer(2089858483,b0f066a214c2f5e87bad3c948f4d605d) (ScriptedImporter) -> (artifact id: 'c495c22c06612a5ce5ff5f5ad6911b24') in 0.003497041 seconds
Number of updated asset objects reloaded before import = 0Number of asset objects unloaded after import = 7

========================================================================
Received Import Request.
  Time since last request: 0.000042 seconds.
  path: Assets/Roguelike2D/ExtendedVersion/Themes/Sand/Prefabs/SandFood_small.prefab
  artifactKey: Guid(062921aa86a08484f891de1b75ab07d5) Importer(2089858483,b0f066a214c2f5e87bad3c948f4d605d)
Start importing Assets/Roguelike2D/ExtendedVersion/Themes/Sand/Prefabs/SandFood_small.prefab using Guid(062921aa86a08484f891de1b75ab07d5) Importer(2089858483,b0f066a214c2f5e87bad3c948f4d605d) (ScriptedImporter) -> (artifact id: '1cdac3c2fca9d643a6c7cacc90d90757') in 0.004731167 seconds
Number of updated asset objects reloaded before import = 0Number of asset objects unloaded after import = 8

========================================================================
Received Import Request.
  Time since last request: 0.000058 seconds.
  path: Assets/Roguelike2D/ExtendedVersion/Themes/Sand/Tiles/Assets_SpriteSheet3_1 1.asset
  artifactKey: Guid(623b20137a9363947b8d633bf805f150) Importer(2089858483,b0f066a214c2f5e87bad3c948f4d605d)
Start importing Assets/Roguelike2D/ExtendedVersion/Themes/Sand/Tiles/Assets_SpriteSheet3_1 1.asset using Guid(623b20137a9363947b8d633bf805f150) Importer(2089858483,b0f066a214c2f5e87bad3c948f4d605d) (ScriptedImporter) -> (artifact id: 'bf7312392ea68d5ab7a4c784d17d94c7') in 0.0029525 seconds
Number of updated asset objects reloaded before import = 0Number of asset objects unloaded after import = 2

========================================================================
Received Import Request.
  Time since last request: 0.000040 seconds.
  path: Assets/Roguelike2D/ExtendedVersion/Scripts/CellObjects/WallObject.cs
  artifactKey: Guid(da94ef0bc627fbe45a0e26f5282eaa4b) Importer(2089858483,b0f066a214c2f5e87bad3c948f4d605d)
Start importing Assets/Roguelike2D/ExtendedVersion/Scripts/CellObjects/WallObject.cs using Guid(da94ef0bc627fbe45a0e26f5282eaa4b) Importer(2089858483,b0f066a214c2f5e87bad3c948f4d605d) (ScriptedImporter) -> (artifact id: 'fec618e8df4dc9b4d4ae278e424d473c') in 0.001910292 seconds
Number of updated asset objects reloaded before import = 0Number of asset objects unloaded after import = 0

========================================================================
Received Import Request.
  Time since last request: 0.000057 seconds.
  path: Assets/Plugins/FMOD/src/Editor/CodeGeneration.cs
  artifactKey: Guid(438155f6a2d689e45b5cc7701d412b80) Importer(2089858483,b0f066a214c2f5e87bad3c948f4d605d)
Start importing Assets/Plugins/FMOD/src/Editor/CodeGeneration.cs using Guid(438155f6a2d689e45b5cc7701d412b80) Importer(2089858483,b0f066a214c2f5e87bad3c948f4d605d) (ScriptedImporter) -> (artifact id: '112177b24647c2e3882bb7fc653c8aba') in 0.002108917 seconds
Number of updated asset objects reloaded before import = 0Number of asset objects unloaded after import = 0

========================================================================
Received Import Request.
  Time since last request: 0.000042 seconds.
  path: Assets/Plugins/FMOD/src/Editor/EditorParamRef.cs
  artifactKey: Guid(fecb8ef7f94ca804a8ab72049b86782e) Importer(2089858483,b0f066a214c2f5e87bad3c948f4d605d)
Start importing Assets/Plugins/FMOD/src/Editor/EditorParamRef.cs using Guid(fecb8ef7f94ca804a8ab72049b86782e) Importer(2089858483,b0f066a214c2f5e87bad3c948f4d605d) (ScriptedImporter) -> (artifact id: 'a1422712dc2a5b1ed2e7337a126f745d') in 0.001975625 seconds
Number of updated asset objects reloaded before import = 0Number of asset objects unloaded after import = 0

========================================================================
Received Import Request.
  Time since last request: 0.000051 seconds.
  path: Assets/Plugins/FMOD/src/Editor/EventBrowser.cs
  artifactKey: Guid(5332ad2baabb58844975479e906001c8) Importer(2089858483,b0f066a214c2f5e87bad3c948f4d605d)
Start importing Assets/Plugins/FMOD/src/Editor/EventBrowser.cs using Guid(5332ad2baabb58844975479e906001c8) Importer(2089858483,b0f066a214c2f5e87bad3c948f4d605d) (ScriptedImporter) -> (artifact id: 'a330a0b35fe01bae56238edd09074a5c') in 0.001941 seconds
Number of updated asset objects reloaded before import = 0Number of asset objects unloaded after import = 0

========================================================================
Received Import Request.
  Time since last request: 0.000075 seconds.
  path: Assets/Roguelike2D/ExtendedVersion/Themes/Urban/Tiles/Ground1.assets.asset
  artifactKey: Guid(13b1d3590ce344e3082edc65331d384f) Importer(2089858483,b0f066a214c2f5e87bad3c948f4d605d)
Start importing Assets/Roguelike2D/ExtendedVersion/Themes/Urban/Tiles/Ground1.assets.asset using Guid(13b1d3590ce344e3082edc65331d384f) Importer(2089858483,b0f066a214c2f5e87bad3c948f4d605d) (ScriptedImporter) -> (artifact id: '4c0ef9b6750d64e2af06c3971049ce75') in 0.003067916 seconds
Number of updated asset objects reloaded before import = 0Number of asset objects unloaded after import = 2

========================================================================
Received Import Request.
  Time since last request: 0.000108 seconds.
  path: Assets/Roguelike2D/ExtendedVersion/Themes/Urban/Prefabs/UrbanAmbience.prefab
  artifactKey: Guid(3f5aedc8fc68e4965afd1f29b7edbcc6) Importer(2089858483,b0f066a214c2f5e87bad3c948f4d605d)
Start importing Assets/Roguelike2D/ExtendedVersion/Themes/Urban/Prefabs/UrbanAmbience.prefab using Guid(3f5aedc8fc68e4965afd1f29b7edbcc6) Importer(2089858483,b0f066a214c2f5e87bad3c948f4d605d) (ScriptedImporter) -> (artifact id: 'cd46d16e8986b791d7c3f2bb7c172a7f') in 0.003725333 seconds
Number of updated asset objects reloaded before import = 0Number of asset objects unloaded after import = 5

========================================================================
Received Import Request.
  Time since last request: 0.000051 seconds.
  path: Assets/Roguelike2D/ExtendedVersion/Themes/Urban/Prefabs/UrbanScavenger.prefab
  artifactKey: Guid(5812b93e5855a7c4fa1ea8f010eba4c5) Importer(2089858483,b0f066a214c2f5e87bad3c948f4d605d)
Start importing Assets/Roguelike2D/ExtendedVersion/Themes/Urban/Prefabs/UrbanScavenger.prefab using Guid(5812b93e5855a7c4fa1ea8f010eba4c5) Importer(2089858483,b0f066a214c2f5e87bad3c948f4d605d) (ScriptedImporter) -> (artifact id: '7ac3cd7d6c1b6487cd7828df4fdec78d') in 0.008693792 seconds
Number of updated asset objects reloaded before import = 0Number of asset objects unloaded after import = 31

========================================================================
Received Import Request.
  Time since last request: 0.000048 seconds.
  path: Assets/Roguelike2D/ExtendedVersion/Themes/Snow/Tiles/Scavengers2_SpriteSheet_34.asset
  artifactKey: Guid(db24e0814e0a6064c95b6a7d38d01199) Importer(2089858483,b0f066a214c2f5e87bad3c948f4d605d)
Start importing Assets/Roguelike2D/ExtendedVersion/Themes/Snow/Tiles/Scavengers2_SpriteSheet_34.asset using Guid(db24e0814e0a6064c95b6a7d38d01199) Importer(2089858483,b0f066a214c2f5e87bad3c948f4d605d) (ScriptedImporter) -> (artifact id: '7d773f332dcd6ebc90d2cc976249e1f2') in 0.00291975 seconds
Number of updated asset objects reloaded before import = 0Number of asset objects unloaded after import = 2

========================================================================
Received Import Request.
  Time since last request: 0.000048 seconds.
  path: Assets/Roguelike2D/ExtendedVersion/Themes/Urban/Tiles/Scavengers_SpriteSheet_36.asset
  artifactKey: Guid(ea611e42343384031944d1d4ae227843) Importer(2089858483,b0f066a214c2f5e87bad3c948f4d605d)
Start importing Assets/Roguelike2D/ExtendedVersion/Themes/Urban/Tiles/Scavengers_SpriteSheet_36.asset using Guid(ea611e42343384031944d1d4ae227843) Importer(2089858483,b0f066a214c2f5e87bad3c948f4d605d) (ScriptedImporter) -> (artifact id: 'b979c67e4f93aa4e58447c39ea852bb1') in 0.004483709 seconds
Number of updated asset objects reloaded before import = 0Number of asset objects unloaded after import = 2

========================================================================
Received Import Request.
  Time since last request: 0.000056 seconds.
  path: Assets/Roguelike2D/ExtendedVersion/Themes/Urban/Tiles/Scavengers_SpriteSheet_34.asset
  artifactKey: Guid(95d6f8a100dd4490a80d35a645211d75) Importer(2089858483,b0f066a214c2f5e87bad3c948f4d605d)
Start importing Assets/Roguelike2D/ExtendedVersion/Themes/Urban/Tiles/Scavengers_SpriteSheet_34.asset using Guid(95d6f8a100dd4490a80d35a645211d75) Importer(2089858483,b0f066a214c2f5e87bad3c948f4d605d) (ScriptedImporter) -> (artifact id: '0a935bcd363fc10d4c585fda6c5a4508') in 0.0028555 seconds
Number of updated asset objects reloaded before import = 0Number of asset objects unloaded after import = 2

========================================================================
Received Import Request.
  Time since last request: 0.000050 seconds.
  path: Assets/Roguelike2D/ExtendedVersion/Themes/Urban/Prefabs/UrbanFoodSmall.prefab
  artifactKey: Guid(5cfc695d804e0d64a8fbac9e0884970d) Importer(2089858483,b0f066a214c2f5e87bad3c948f4d605d)
Start importing Assets/Roguelike2D/ExtendedVersion/Themes/Urban/Prefabs/UrbanFoodSmall.prefab using Guid(5cfc695d804e0d64a8fbac9e0884970d) Importer(2089858483,b0f066a214c2f5e87bad3c948f4d605d) (ScriptedImporter) -> (artifact id: '8c585bab3ea230703e7308add72ff15b') in 0.004722666 seconds
Number of updated asset objects reloaded before import = 0Number of asset objects unloaded after import = 10

========================================================================
Received Import Request.
  Time since last request: 0.000067 seconds.
  path: Assets/Roguelike2D/ExtendedVersion/Themes/Snow/Tiles/Scavengers2_SpriteSheet_38.asset
  artifactKey: Guid(3298b2a519275ef4797233ce2c50a52d) Importer(2089858483,b0f066a214c2f5e87bad3c948f4d605d)
Start importing Assets/Roguelike2D/ExtendedVersion/Themes/Snow/Tiles/Scavengers2_SpriteSheet_38.asset using Guid(3298b2a519275ef4797233ce2c50a52d) Importer(2089858483,b0f066a214c2f5e87bad3c948f4d605d) (ScriptedImporter) -> (artifact id: '77971b06280b3d7810c090c5823bd612') in 0.0024075 seconds
Number of updated asset objects reloaded before import = 0Number of asset objects unloaded after import = 2

========================================================================
Received Import Request.
  Time since last request: 0.000051 seconds.
  path: Assets/Roguelike2D/ExtendedVersion/Themes/Urban/Prefabs/UrbanFoodLarge.prefab
  artifactKey: Guid(c04f2a182e47f6b47b85f8788674bec2) Importer(2089858483,b0f066a214c2f5e87bad3c948f4d605d)
Start importing Assets/Roguelike2D/ExtendedVersion/Themes/Urban/Prefabs/UrbanFoodLarge.prefab using Guid(c04f2a182e47f6b47b85f8788674bec2) Importer(2089858483,b0f066a214c2f5e87bad3c948f4d605d) (ScriptedImporter) -> (artifact id: '624bd7c6b90886e71e87c2b91b7a67d1') in 0.004674875 seconds
Number of updated asset objects reloaded before import = 0Number of asset objects unloaded after import = 10

========================================================================
Received Import Request.
  Time since last request: 0.000048 seconds.
  path: Assets/Roguelike2D/ExtendedVersion/Themes/Urban/Tiles/Scavengers_SpriteSheet_37.asset
  artifactKey: Guid(3387acb8d74f34553ba42cc4c42d3765) Importer(2089858483,b0f066a214c2f5e87bad3c948f4d605d)
Start importing Assets/Roguelike2D/ExtendedVersion/Themes/Urban/Tiles/Scavengers_SpriteSheet_37.asset using Guid(3387acb8d74f34553ba42cc4c42d3765) Importer(2089858483,b0f066a214c2f5e87bad3c948f4d605d) (ScriptedImporter) -> (artifact id: 'da4879a45c1224dd4ab730529fed12e7') in 0.002911916 seconds
Number of updated asset objects reloaded before import = 0Number of asset objects unloaded after import = 2

========================================================================
Received Import Request.
  Time since last request: 0.000106 seconds.
  path: Assets/Roguelike2D/ExtendedVersion/Themes/Urban/Prefabs/UrbanMusic.prefab
  artifactKey: Guid(2de3d1584ff004863a86a786f5ee5a00) Importer(2089858483,b0f066a214c2f5e87bad3c948f4d605d)
Start importing Assets/Roguelike2D/ExtendedVersion/Themes/Urban/Prefabs/UrbanMusic.prefab using Guid(2de3d1584ff004863a86a786f5ee5a00) Importer(2089858483,b0f066a214c2f5e87bad3c948f4d605d) (ScriptedImporter) -> (artifact id: 'c4b99a0be4452f9bab4b2ee0aafa8a92') in 0.00238175 seconds
Number of updated asset objects reloaded before import = 0Number of asset objects unloaded after import = 4

========================================================================
Received Import Request.
  Time since last request: 0.000064 seconds.
  path: Assets/Roguelike2D/ExtendedVersion/Themes/Urban/Tiles/Scavengers_SpriteSheet_25.asset
  artifactKey: Guid(14eb1a0af58c0462488d297cd291e0af) Importer(2089858483,b0f066a214c2f5e87bad3c948f4d605d)
Start importing Assets/Roguelike2D/ExtendedVersion/Themes/Urban/Tiles/Scavengers_SpriteSheet_25.asset using Guid(14eb1a0af58c0462488d297cd291e0af) Importer(2089858483,b0f066a214c2f5e87bad3c948f4d605d) (ScriptedImporter) -> (artifact id: 'bcfed8a43f56696c00a73eef17e49b58') in 0.003166041 seconds
Number of updated asset objects reloaded before import = 0Number of asset objects unloaded after import = 2

========================================================================
Received Import Request.
  Time since last request: 0.000044 seconds.
  path: Assets/Roguelike2D/ExtendedVersion/Themes/Urban/Tiles/Scavengers_SpriteSheet_54.asset
  artifactKey: Guid(b77f7e43cb5715f43ae5c0b5c9dd1b19) Importer(2089858483,b0f066a214c2f5e87bad3c948f4d605d)
Start importing Assets/Roguelike2D/ExtendedVersion/Themes/Urban/Tiles/Scavengers_SpriteSheet_54.asset using Guid(b77f7e43cb5715f43ae5c0b5c9dd1b19) Importer(2089858483,b0f066a214c2f5e87bad3c948f4d605d) (ScriptedImporter) -> (artifact id: 'ff2c20fc043cf9890c476ce4c82e6645') in 0.003173958 seconds
Number of updated asset objects reloaded before import = 0Number of asset objects unloaded after import = 2

========================================================================
Received Import Request.
  Time since last request: 0.000051 seconds.
  path: Assets/Roguelike2D/ExtendedVersion/Themes/Urban/Tiles/Scavengers_SpriteSheet_35.asset
  artifactKey: Guid(8a46951dfff2d4943865fd6207fb8288) Importer(2089858483,b0f066a214c2f5e87bad3c948f4d605d)
Start importing Assets/Roguelike2D/ExtendedVersion/Themes/Urban/Tiles/Scavengers_SpriteSheet_35.asset using Guid(8a46951dfff2d4943865fd6207fb8288) Importer(2089858483,b0f066a214c2f5e87bad3c948f4d605d) (ScriptedImporter) -> (artifact id: 'c59032d78348e2094c1c617d24231b4a') in 0.002731375 seconds
Number of updated asset objects reloaded before import = 0Number of asset objects unloaded after import = 2

========================================================================
Received Import Request.
  Time since last request: 0.000045 seconds.
  path: Assets/Roguelike2D/ExtendedVersion/Themes/Urban/Prefabs/UrbanWall3.prefab
  artifactKey: Guid(91c82d01208ef414caab10c306784585) Importer(2089858483,b0f066a214c2f5e87bad3c948f4d605d)
Start importing Assets/Roguelike2D/ExtendedVersion/Themes/Urban/Prefabs/UrbanWall3.prefab using Guid(91c82d01208ef414caab10c306784585) Importer(2089858483,b0f066a214c2f5e87bad3c948f4d605d) (ScriptedImporter) -> (artifact id: '74ffb8b5fb112b392ae2186cd0c67842') in 0.003721583 seconds
Number of updated asset objects reloaded before import = 0Number of asset objects unloaded after import = 9

========================================================================
Received Import Request.
  Time since last request: 0.000099 seconds.
  path: Assets/Roguelike2D/ExtendedVersion/Themes/Urban/Tiles/Scavengers_SpriteSheet_39.asset
  artifactKey: Guid(35273bd02c5c94a8b85afe3be848fc57) Importer(2089858483,b0f066a214c2f5e87bad3c948f4d605d)
Start importing Assets/Roguelike2D/ExtendedVersion/Themes/Urban/Tiles/Scavengers_SpriteSheet_39.asset using Guid(35273bd02c5c94a8b85afe3be848fc57) Importer(2089858483,b0f066a214c2f5e87bad3c948f4d605d) (ScriptedImporter) -> (artifact id: '2b39686f39eb0d6c512acc58fba8ae2a') in 0.002921125 seconds
Number of updated asset objects reloaded before import = 0Number of asset objects unloaded after import = 2

========================================================================
Received Import Request.
  Time since last request: 0.000063 seconds.
  path: Assets/Roguelike2D/ExtendedVersion/UI/UI Toolkit/UnityThemes/UnityDefaultRuntimeTheme.tss
  artifactKey: Guid(2616707ad55a345d1bee6d31d40273e6) Importer(2089858483,b0f066a214c2f5e87bad3c948f4d605d)
Start importing Assets/Roguelike2D/ExtendedVersion/UI/UI Toolkit/UnityThemes/UnityDefaultRuntimeTheme.tss using Guid(2616707ad55a345d1bee6d31d40273e6) Importer(2089858483,b0f066a214c2f5e87bad3c948f4d605d) (ScriptedImporter) -> (artifact id: '706f057c2acb5e03485d3ae663df1935') in 0.023498292 seconds
Number of updated asset objects reloaded before import = 0Number of asset objects unloaded after import = 28

========================================================================
Received Import Request.
  Time since last request: 0.000058 seconds.
  path: Assets/Roguelike2D/ExtendedVersion/Themes/Sand/Prefabs/SandEnemy_2.prefab
  artifactKey: Guid(14446e146fa988f4b9473f9f1372fc7d) Importer(2089858483,b0f066a214c2f5e87bad3c948f4d605d)
Start importing Assets/Roguelike2D/ExtendedVersion/Themes/Sand/Prefabs/SandEnemy_2.prefab using Guid(14446e146fa988f4b9473f9f1372fc7d) Importer(2089858483,b0f066a214c2f5e87bad3c948f4d605d) (ScriptedImporter) -> (artifact id: '37a1861ac340886332c8d38a3947cfd4') in 0.0090965 seconds
Number of updated asset objects reloaded before import = 0Number of asset objects unloaded after import = 25

========================================================================
Received Import Request.
  Time since last request: 0.000040 seconds.
  path: Assets/Plugins/FMOD/src/Editor/CreateEventPopup.cs
  artifactKey: Guid(9c9773a32ed4a2b429fd42645175c32b) Importer(2089858483,b0f066a214c2f5e87bad3c948f4d605d)
Start importing Assets/Plugins/FMOD/src/Editor/CreateEventPopup.cs using Guid(9c9773a32ed4a2b429fd42645175c32b) Importer(2089858483,b0f066a214c2f5e87bad3c948f4d605d) (ScriptedImporter) -> (artifact id: '610581be411a91dc45d9539bddc2ae0b') in 0.002030458 seconds
Number of updated asset objects reloaded before import = 0Number of asset objects unloaded after import = 0

========================================================================
Received Import Request.
  Time since last request: 0.000051 seconds.
  path: Assets/Roguelike2D/ExtendedVersion/UI/GameUI.uxml
  artifactKey: Guid(7c1faf26d77f44d14b3471df8a3f3a6e) Importer(2089858483,b0f066a214c2f5e87bad3c948f4d605d)
Start importing Assets/Roguelike2D/ExtendedVersion/UI/GameUI.uxml using Guid(7c1faf26d77f44d14b3471df8a3f3a6e) Importer(2089858483,b0f066a214c2f5e87bad3c948f4d605d) (ScriptedImporter) -> (artifact id: '1abc2a547347ebca0d3339f590e9e839') in 0.008099291 seconds
Number of updated asset objects reloaded before import = 0Number of asset objects unloaded after import = 9

========================================================================
Received Import Request.
  Time since last request: 0.000052 seconds.
  path: Assets/Plugins/FMOD/platforms/html5/lib/2.0.19/libfmodstudio.a
  artifactKey: Guid(18569240b868e8b44a20d32b2df12f5c) Importer(2089858483,b0f066a214c2f5e87bad3c948f4d605d)
Start importing Assets/Plugins/FMOD/platforms/html5/lib/2.0.19/libfmodstudio.a using Guid(18569240b868e8b44a20d32b2df12f5c) Importer(2089858483,b0f066a214c2f5e87bad3c948f4d605d) (ScriptedImporter) -> (artifact id: '753f269ac33e172a01e0f1ed1b536952') in 0.002145583 seconds
Number of updated asset objects reloaded before import = 0Number of asset objects unloaded after import = 0

========================================================================
Received Import Request.
  Time since last request: 0.000066 seconds.
  path: Assets/Plugins/FMOD/platforms/android/lib/x86_64/libresonanceaudio.so
  artifactKey: Guid(295b4c80a560c81409d44c273128b743) Importer(2089858483,b0f066a214c2f5e87bad3c948f4d605d)
Start importing Assets/Plugins/FMOD/platforms/android/lib/x86_64/libresonanceaudio.so using Guid(295b4c80a560c81409d44c273128b743) Importer(2089858483,b0f066a214c2f5e87bad3c948f4d605d) (ScriptedImporter) -> (artifact id: '27e572e2094eeb78e73ed2342fa32f23') in 0.0019895 seconds
Number of updated asset objects reloaded before import = 0Number of asset objects unloaded after import = 0

========================================================================
Received Import Request.
  Time since last request: 0.000052 seconds.
  path: Assets/Plugins/FMOD/platforms/android/lib/arm64-v8a/libfmodstudioL.so
  artifactKey: Guid(85af50ee41bfd9c4fbd8107aee814c50) Importer(2089858483,b0f066a214c2f5e87bad3c948f4d605d)
Start importing Assets/Plugins/FMOD/platforms/android/lib/arm64-v8a/libfmodstudioL.so using Guid(85af50ee41bfd9c4fbd8107aee814c50) Importer(2089858483,b0f066a214c2f5e87bad3c948f4d605d) (ScriptedImporter) -> (artifact id: '286bef6e9330130df39488bd935f10da') in 0.001800375 seconds
Number of updated asset objects reloaded before import = 0Number of asset objects unloaded after import = 0

========================================================================
Received Import Request.
  Time since last request: 0.000053 seconds.
  path: Assets/Plugins/FMOD/platforms/android/lib/x86/libfmodL.so
  artifactKey: Guid(54236e4c5b88f494598efb4d226b44f0) Importer(2089858483,b0f066a214c2f5e87bad3c948f4d605d)
Start importing Assets/Plugins/FMOD/platforms/android/lib/x86/libfmodL.so using Guid(54236e4c5b88f494598efb4d226b44f0) Importer(2089858483,b0f066a214c2f5e87bad3c948f4d605d) (ScriptedImporter) -> (artifact id: '84a2a81b120430418bc0f3be9b7d751c') in 0.001816708 seconds
Number of updated asset objects reloaded before import = 0Number of asset objects unloaded after import = 0

========================================================================
Received Import Request.
  Time since last request: 0.000048 seconds.
  path: Assets/Plugins/FMOD/platforms/android/lib/arm64-v8a/libfmodL.so
  artifactKey: Guid(6f74d8321b529d948a7672da4ca54356) Importer(2089858483,b0f066a214c2f5e87bad3c948f4d605d)
Start importing Assets/Plugins/FMOD/platforms/android/lib/arm64-v8a/libfmodL.so using Guid(6f74d8321b529d948a7672da4ca54356) Importer(2089858483,b0f066a214c2f5e87bad3c948f4d605d) (ScriptedImporter) -> (artifact id: '4ca6da8cda29265ec0156cd32e8322b5') in 0.002109958 seconds
Number of updated asset objects reloaded before import = 0Number of asset objects unloaded after import = 0

========================================================================
Received Import Request.
  Time since last request: 0.000072 seconds.
  path: Assets/Plugins/FMOD/platforms/uwp/lib/x64/fmodstudioL.dll
  artifactKey: Guid(813ca429588de5d40b5c8a184a15bcd9) Importer(2089858483,b0f066a214c2f5e87bad3c948f4d605d)
Start importing Assets/Plugins/FMOD/platforms/uwp/lib/x64/fmodstudioL.dll using Guid(813ca429588de5d40b5c8a184a15bcd9) Importer(2089858483,b0f066a214c2f5e87bad3c948f4d605d) (ScriptedImporter) -> (artifact id: '28ded2579f28ba83782170a6d5da5495') in 0.002391875 seconds
Number of updated asset objects reloaded before import = 0Number of asset objects unloaded after import = 0

========================================================================
Received Import Request.
  Time since last request: 0.000053 seconds.
  path: Assets/Plugins/FMOD/platforms/android/lib/x86/libresonanceaudio.so
  artifactKey: Guid(5c35d7fa6769b114aa63172aaf1fd782) Importer(2089858483,b0f066a214c2f5e87bad3c948f4d605d)
Start importing Assets/Plugins/FMOD/platforms/android/lib/x86/libresonanceaudio.so using Guid(5c35d7fa6769b114aa63172aaf1fd782) Importer(2089858483,b0f066a214c2f5e87bad3c948f4d605d) (ScriptedImporter) -> (artifact id: '7f51228838af69d8459ac87cf586c654') in 0.00221625 seconds
Number of updated asset objects reloaded before import = 0Number of asset objects unloaded after import = 0

========================================================================
Received Import Request.
  Time since last request: 0.000071 seconds.
  path: Assets/Roguelike2D/ExtendedVersion/Themes/Urban/Prefabs/UrbanEnemy2.prefab
  artifactKey: Guid(b47827737c1821944b413cc089f7a466) Importer(2089858483,b0f066a214c2f5e87bad3c948f4d605d)
Start importing Assets/Roguelike2D/ExtendedVersion/Themes/Urban/Prefabs/UrbanEnemy2.prefab using Guid(b47827737c1821944b413cc089f7a466) Importer(2089858483,b0f066a214c2f5e87bad3c948f4d605d) (ScriptedImporter) -> (artifact id: '838b445b5be652580c9e4b55916cc69c') in 0.007825667 seconds
Number of updated asset objects reloaded before import = 0Number of asset objects unloaded after import = 29

========================================================================
Received Import Request.
  Time since last request: 0.000043 seconds.
  path: Assets/Roguelike2D/TutorialVersion/Prefab/Food.prefab
  artifactKey: Guid(5a4fa5f180b36ad488f84ff91f2fe77f) Importer(2089858483,b0f066a214c2f5e87bad3c948f4d605d)
Start importing Assets/Roguelike2D/TutorialVersion/Prefab/Food.prefab using Guid(5a4fa5f180b36ad488f84ff91f2fe77f) Importer(2089858483,b0f066a214c2f5e87bad3c948f4d605d) (ScriptedImporter) -> (artifact id: '533a7f32e8e597e4e75a25ec65f2de08') in 0.005187875 seconds
Number of updated asset objects reloaded before import = 0Number of asset objects unloaded after import = 8

========================================================================
Received Import Request.
  Time since last request: 0.000058 seconds.
  path: Assets/Roguelike2D/ExtendedVersion/Themes/Snow/Tiles/Scavengers2_SpriteSheet_29.asset
  artifactKey: Guid(e1fca12bd47489544bdbb274dbaef3fe) Importer(2089858483,b0f066a214c2f5e87bad3c948f4d605d)
Start importing Assets/Roguelike2D/ExtendedVersion/Themes/Snow/Tiles/Scavengers2_SpriteSheet_29.asset using Guid(e1fca12bd47489544bdbb274dbaef3fe) Importer(2089858483,b0f066a214c2f5e87bad3c948f4d605d) (ScriptedImporter) -> (artifact id: '9d44f612e51b9aad055b234dda107581') in 0.002996667 seconds
Number of updated asset objects reloaded before import = 0Number of asset objects unloaded after import = 2

========================================================================
Received Import Request.
  Time since last request: 0.000045 seconds.
  path: Assets/Plugins/FMOD/platforms/android/lib/x86/libfmod.so
  artifactKey: Guid(099e80baee62d0c439475fae45e69f4e) Importer(2089858483,b0f066a214c2f5e87bad3c948f4d605d)
Start importing Assets/Plugins/FMOD/platforms/android/lib/x86/libfmod.so using Guid(099e80baee62d0c439475fae45e69f4e) Importer(2089858483,b0f066a214c2f5e87bad3c948f4d605d) (ScriptedImporter) -> (artifact id: '4f87b681faf90049674d341cf9cf62cc') in 0.002269542 seconds
Number of updated asset objects reloaded before import = 0Number of asset objects unloaded after import = 0

========================================================================
Received Import Request.
  Time since last request: 0.000095 seconds.
  path: Assets/Roguelike2D/ExtendedVersion/Themes/Snow/Prefabs/SnowMusic.prefab
  artifactKey: Guid(e2afa673265234404bafd8de41525d49) Importer(2089858483,b0f066a214c2f5e87bad3c948f4d605d)
Start importing Assets/Roguelike2D/ExtendedVersion/Themes/Snow/Prefabs/SnowMusic.prefab using Guid(e2afa673265234404bafd8de41525d49) Importer(2089858483,b0f066a214c2f5e87bad3c948f4d605d) (ScriptedImporter) -> (artifact id: '30bd91441d8f15362eee54a16df03ace') in 0.002130583 seconds
Number of updated asset objects reloaded before import = 0Number of asset objects unloaded after import = 4

========================================================================
Received Import Request.
  Time since last request: 0.000039 seconds.
  path: Assets/Plugins/FMOD/Cache/Editor/FMODStudioCache.asset
  artifactKey: Guid(f6d36830abe9d482484d64f8ea80150e) Importer(2089858483,b0f066a214c2f5e87bad3c948f4d605d)
Start importing Assets/Plugins/FMOD/Cache/Editor/FMODStudioCache.asset using Guid(f6d36830abe9d482484d64f8ea80150e) Importer(2089858483,b0f066a214c2f5e87bad3c948f4d605d) (ScriptedImporter) -> (artifact id: 'b8a68157fc31cc8b92e44548da9c36e7') in 0.039371208 seconds
Number of updated asset objects reloaded before import = 0Number of asset objects unloaded after import = 68

========================================================================
Received Import Request.
  Time since last request: 0.000052 seconds.
  path: Assets/Roguelike2D/TutorialAssets/Audio/down.aif
  artifactKey: Guid(e2beefeb2273f4efe992adf5b8d67c29) Importer(2089858483,b0f066a214c2f5e87bad3c948f4d605d)
Start importing Assets/Roguelike2D/TutorialAssets/Audio/down.aif using Guid(e2beefeb2273f4efe992adf5b8d67c29) Importer(2089858483,b0f066a214c2f5e87bad3c948f4d605d) (ScriptedImporter) -> (artifact id: '18d4de1beaa4eee12fa5e227b3ad4a02') in 0.011306417 seconds
Number of updated asset objects reloaded before import = 0Number of asset objects unloaded after import = 1

========================================================================
Received Import Request.
  Time since last request: 0.000044 seconds.
  path: Assets/Roguelike2D/ExtendedVersion/Themes/Sand/Tiles/Assets_SpriteSheet3_0 1.asset
  artifactKey: Guid(0613f5f7a09d6a9488ed628a0a293e2c) Importer(2089858483,b0f066a214c2f5e87bad3c948f4d605d)
Start importing Assets/Roguelike2D/ExtendedVersion/Themes/Sand/Tiles/Assets_SpriteSheet3_0 1.asset using Guid(0613f5f7a09d6a9488ed628a0a293e2c) Importer(2089858483,b0f066a214c2f5e87bad3c948f4d605d) (ScriptedImporter) -> (artifact id: '0fc1a72aba6bb5125e4b7578a17ab39c') in 0.002674583 seconds
Number of updated asset objects reloaded before import = 0Number of asset objects unloaded after import = 2

========================================================================
Received Import Request.
  Time since last request: 0.000041 seconds.
  path: Assets/Plugins/FMOD/platforms/uwp/lib/arm/fmodstudioL.dll
  artifactKey: Guid(5476dd86ee3260f4bb2283aef1d9a883) Importer(2089858483,b0f066a214c2f5e87bad3c948f4d605d)
Start importing Assets/Plugins/FMOD/platforms/uwp/lib/arm/fmodstudioL.dll using Guid(5476dd86ee3260f4bb2283aef1d9a883) Importer(2089858483,b0f066a214c2f5e87bad3c948f4d605d) (ScriptedImporter) -> (artifact id: '76c7fb33e0fca792ff9bbdf3833bd738') in 0.002334583 seconds
Number of updated asset objects reloaded before import = 0Number of asset objects unloaded after import = 0

========================================================================
Received Import Request.
  Time since last request: 0.000057 seconds.
  path: Assets/Plugins/FMOD/src/fmod_studio.cs
  artifactKey: Guid(ae7eb0b6a2bff364b9c1fae52173e74c) Importer(2089858483,b0f066a214c2f5e87bad3c948f4d605d)
Start importing Assets/Plugins/FMOD/src/fmod_studio.cs using Guid(ae7eb0b6a2bff364b9c1fae52173e74c) Importer(2089858483,b0f066a214c2f5e87bad3c948f4d605d) (ScriptedImporter) -> (artifact id: 'cae21a7d43d06e4c001c4d24298e4faf') in 0.001864417 seconds
Number of updated asset objects reloaded before import = 0Number of asset objects unloaded after import = 0

========================================================================
Received Import Request.
  Time since last request: 0.000061 seconds.
  path: Assets/Roguelike2D/AdditionsFromTutorialVersion.md
  artifactKey: Guid(c6618fba66ec4b6ea2030b9e6708d874) Importer(2089858483,b0f066a214c2f5e87bad3c948f4d605d)
Start importing Assets/Roguelike2D/AdditionsFromTutorialVersion.md using Guid(c6618fba66ec4b6ea2030b9e6708d874) Importer(2089858483,b0f066a214c2f5e87bad3c948f4d605d) (ScriptedImporter) -> (artifact id: '05cc803363a7331f70a71bd023feb3f4') in 0.0019415 seconds
Number of updated asset objects reloaded before import = 0Number of asset objects unloaded after import = 1

========================================================================
Received Import Request.
  Time since last request: 0.000044 seconds.
  path: Assets/Plugins/FMOD/images/SelectedAlt.png
  artifactKey: Guid(8ce9b717b1bc7564cbe35664f2f178a7) Importer(2089858483,b0f066a214c2f5e87bad3c948f4d605d)
Start importing Assets/Plugins/FMOD/images/SelectedAlt.png using Guid(8ce9b717b1bc7564cbe35664f2f178a7) Importer(2089858483,b0f066a214c2f5e87bad3c948f4d605d) (ScriptedImporter) -> (artifact id: '7f5e664deede3951c4201da2220b5993') in 0.004727625 seconds
Number of updated asset objects reloaded before import = 0Number of asset objects unloaded after import = 1

========================================================================
Received Import Request.
  Time since last request: 0.000054 seconds.
  path: Assets/Plugins/FMOD/src/Editor/EditorUtils.cs
  artifactKey: Guid(2bb4068641d1f71478f95a9b73533f51) Importer(2089858483,b0f066a214c2f5e87bad3c948f4d605d)
Start importing Assets/Plugins/FMOD/src/Editor/EditorUtils.cs using Guid(2bb4068641d1f71478f95a9b73533f51) Importer(2089858483,b0f066a214c2f5e87bad3c948f4d605d) (ScriptedImporter) -> (artifact id: 'c60594af437d13c933ce336e5bdcaac9') in 0.001954083 seconds
Number of updated asset objects reloaded before import = 0Number of asset objects unloaded after import = 0

========================================================================
Received Import Request.
  Time since last request: 0.000073 seconds.
  path: Assets/Roguelike2D/ExtendedVersion/Themes/Sand/Animation/SandEnemy1/Sand_Enemy1_Hit.anim
  artifactKey: Guid(0364c2aab83baeb44a83d215d93aeb90) Importer(2089858483,b0f066a214c2f5e87bad3c948f4d605d)
Start importing Assets/Roguelike2D/ExtendedVersion/Themes/Sand/Animation/SandEnemy1/Sand_Enemy1_Hit.anim using Guid(0364c2aab83baeb44a83d215d93aeb90) Importer(2089858483,b0f066a214c2f5e87bad3c948f4d605d) (ScriptedImporter) -> (artifact id: 'efe1c266f5d76d815787a550412caaac') in 0.007210166 seconds
Number of updated asset objects reloaded before import = 0Number of asset objects unloaded after import = 1

========================================================================
Received Import Request.
  Time since last request: 0.000050 seconds.
  path: Assets/Roguelike2D/ExtendedVersion/Themes/Urban/Animation/UrbanEnemy1/UrbanEnemy1AnimatorController.controller
  artifactKey: Guid(92d8030529779e141a37e272f0a07bde) Importer(2089858483,b0f066a214c2f5e87bad3c948f4d605d)
Start importing Assets/Roguelike2D/ExtendedVersion/Themes/Urban/Animation/UrbanEnemy1/UrbanEnemy1AnimatorController.controller using Guid(92d8030529779e141a37e272f0a07bde) Importer(2089858483,b0f066a214c2f5e87bad3c948f4d605d) (ScriptedImporter) -> (artifact id: '32f8364f20c7e8106f295612e2ca0a7c') in 0.00248475 seconds
Number of updated asset objects reloaded before import = 0Number of asset objects unloaded after import = 16

========================================================================
Received Import Request.
  Time since last request: 0.000037 seconds.
  path: Assets/Roguelike2D/ExtendedVersion/Themes/Snow/Animation/SnowEnemy2/Snow_Enemy2_Attack.anim
  artifactKey: Guid(c4b8f00081c4a4448994b5cd6e510ef5) Importer(2089858483,b0f066a214c2f5e87bad3c948f4d605d)
Start importing Assets/Roguelike2D/ExtendedVersion/Themes/Snow/Animation/SnowEnemy2/Snow_Enemy2_Attack.anim using Guid(c4b8f00081c4a4448994b5cd6e510ef5) Importer(2089858483,b0f066a214c2f5e87bad3c948f4d605d) (ScriptedImporter) -> (artifact id: 'abf43aa1c9b3af0a7e35d971563fefc1') in 0.002624375 seconds
Number of updated asset objects reloaded before import = 0Number of asset objects unloaded after import = 1

========================================================================
Received Import Request.
  Time since last request: 0.000079 seconds.
  path: Assets/Plugins/FMOD/platforms/win/lib/x86_64/fmodstudioL.dll
  artifactKey: Guid(f9d58d0b740bc4e70979aeaa1b2a78e9) Importer(2089858483,b0f066a214c2f5e87bad3c948f4d605d)
Start importing Assets/Plugins/FMOD/platforms/win/lib/x86_64/fmodstudioL.dll using Guid(f9d58d0b740bc4e70979aeaa1b2a78e9) Importer(2089858483,b0f066a214c2f5e87bad3c948f4d605d) (ScriptedImporter) -> (artifact id: 'cc1fbe16440a887f975a2e2a6b246066') in 0.001964666 seconds
Number of updated asset objects reloaded before import = 0Number of asset objects unloaded after import = 0

========================================================================
Received Import Request.
  Time since last request: 0.000052 seconds.
  path: Assets/Roguelike2D/ExtendedVersion/Themes/Snow/Animation/SnowPlayer/SnowPlayerAnimatorController.controller
  artifactKey: Guid(9ff03f3e5249ad540b5bd19344c4fa0d) Importer(2089858483,b0f066a214c2f5e87bad3c948f4d605d)
Start importing Assets/Roguelike2D/ExtendedVersion/Themes/Snow/Animation/SnowPlayer/SnowPlayerAnimatorController.controller using Guid(9ff03f3e5249ad540b5bd19344c4fa0d) Importer(2089858483,b0f066a214c2f5e87bad3c948f4d605d) (ScriptedImporter) -> (artifact id: '0193c42555e8b56b36126a3a077f517e') in 0.002821084 seconds
Number of updated asset objects reloaded before import = 0Number of asset objects unloaded after import = 16

========================================================================
Received Import Request.
  Time since last request: 0.000114 seconds.
  path: Assets/Plugins/FMOD/platforms/win/lib/x86/resonanceaudio.dll
  artifactKey: Guid(b2c11f1e03736f748bd861d7bf4f8952) Importer(2089858483,b0f066a214c2f5e87bad3c948f4d605d)
Start importing Assets/Plugins/FMOD/platforms/win/lib/x86/resonanceaudio.dll using Guid(b2c11f1e03736f748bd861d7bf4f8952) Importer(2089858483,b0f066a214c2f5e87bad3c948f4d605d) (ScriptedImporter) -> (artifact id: 'c422c1c9350c2c4888f3d573ae954344') in 0.002132667 seconds
Number of updated asset objects reloaded before import = 0Number of asset objects unloaded after import = 0

========================================================================
Received Import Request.
  Time since last request: 0.000069 seconds.
  path: Assets/Roguelike2D/ExtendedVersion/Themes/Sand/Animation/SandPlayer/SandPlayerWalk.anim
  artifactKey: Guid(760316bdfb4c6214ca410162cf508bfc) Importer(2089858483,b0f066a214c2f5e87bad3c948f4d605d)
Start importing Assets/Roguelike2D/ExtendedVersion/Themes/Sand/Animation/SandPlayer/SandPlayerWalk.anim using Guid(760316bdfb4c6214ca410162cf508bfc) Importer(2089858483,b0f066a214c2f5e87bad3c948f4d605d) (ScriptedImporter) -> (artifact id: '7f70fbc8b952eec5336a0093f703666e') in 0.00264375 seconds
Number of updated asset objects reloaded before import = 0Number of asset objects unloaded after import = 1

========================================================================
Received Import Request.
  Time since last request: 0.000041 seconds.
  path: Assets/Roguelike2D/ExtendedVersion/Themes/Snow/Animation/SnowPlayer/SnowPlayerAttack.anim
  artifactKey: Guid(85963ce03c6b3814a9d99ee9480f0a07) Importer(2089858483,b0f066a214c2f5e87bad3c948f4d605d)
Start importing Assets/Roguelike2D/ExtendedVersion/Themes/Snow/Animation/SnowPlayer/SnowPlayerAttack.anim using Guid(85963ce03c6b3814a9d99ee9480f0a07) Importer(2089858483,b0f066a214c2f5e87bad3c948f4d605d) (ScriptedImporter) -> (artifact id: 'd61d9f7325d7169bb37499aa3c0f1d4b') in 0.002710917 seconds
Number of updated asset objects reloaded before import = 0Number of asset objects unloaded after import = 1

========================================================================
Received Import Request.
  Time since last request: 0.000061 seconds.
  path: Assets/Plugins/FMOD/images/Preview.png
  artifactKey: Guid(0793eda432fc5df4ab1291e6baacd771) Importer(2089858483,b0f066a214c2f5e87bad3c948f4d605d)
Start importing Assets/Plugins/FMOD/images/Preview.png using Guid(0793eda432fc5df4ab1291e6baacd771) Importer(2089858483,b0f066a214c2f5e87bad3c948f4d605d) (ScriptedImporter) -> (artifact id: '5440a91432f3a3d474293e2ffe54de9f') in 0.006514417 seconds
Number of updated asset objects reloaded before import = 0Number of asset objects unloaded after import = 1

========================================================================
Received Import Request.
  Time since last request: 0.000039 seconds.
  path: Assets/Roguelike2D/ExtendedVersion/Themes/Sand/Tiles/Scavengers2_SpriteSheet_35 1.asset
  artifactKey: Guid(0b07c0a5bf060d94f8ddb40fdecad734) Importer(2089858483,b0f066a214c2f5e87bad3c948f4d605d)
Start importing Assets/Roguelike2D/ExtendedVersion/Themes/Sand/Tiles/Scavengers2_SpriteSheet_35 1.asset using Guid(0b07c0a5bf060d94f8ddb40fdecad734) Importer(2089858483,b0f066a214c2f5e87bad3c948f4d605d) (ScriptedImporter) -> (artifact id: 'ebceec8e59554c9f9b8342add0a5bf55') in 0.002630334 seconds
Number of updated asset objects reloaded before import = 0Number of asset objects unloaded after import = 2

========================================================================
Received Import Request.
  Time since last request: 0.000045 seconds.
  path: Assets/Plugins/FMOD/platforms/tvos/src/PlatformAppleTV.cs
  artifactKey: Guid(17eea195bdfbf014e91ba7620ee491f8) Importer(2089858483,b0f066a214c2f5e87bad3c948f4d605d)
Start importing Assets/Plugins/FMOD/platforms/tvos/src/PlatformAppleTV.cs using Guid(17eea195bdfbf014e91ba7620ee491f8) Importer(2089858483,b0f066a214c2f5e87bad3c948f4d605d) (ScriptedImporter) -> (artifact id: '1e0ff5e36096fc8f27706a22558e474e') in 0.002139334 seconds
Number of updated asset objects reloaded before import = 0Number of asset objects unloaded after import = 0

========================================================================
Received Import Request.
  Time since last request: 0.000058 seconds.
  path: Assets/Roguelike2D/ExtendedVersion/Scripts/CellObjects/AttackableCellObject.cs
  artifactKey: Guid(47c48db7a02d29045bfe809cb0dec1a9) Importer(2089858483,b0f066a214c2f5e87bad3c948f4d605d)
Start importing Assets/Roguelike2D/ExtendedVersion/Scripts/CellObjects/AttackableCellObject.cs using Guid(47c48db7a02d29045bfe809cb0dec1a9) Importer(2089858483,b0f066a214c2f5e87bad3c948f4d605d) (ScriptedImporter) -> (artifact id: '303620eec66667d69df8da34e8c081c2') in 0.001919791 seconds
Number of updated asset objects reloaded before import = 0Number of asset objects unloaded after import = 0

========================================================================
Received Import Request.
  Time since last request: 0.000047 seconds.
  path: Assets/Roguelike2D/ExtendedVersion/Themes/Sand/Animation/SandEnemy2/Sand_Enemy2_Attack.anim
  artifactKey: Guid(b80a5389a19edb14eaedad9dea67fcf6) Importer(2089858483,b0f066a214c2f5e87bad3c948f4d605d)
Start importing Assets/Roguelike2D/ExtendedVersion/Themes/Sand/Animation/SandEnemy2/Sand_Enemy2_Attack.anim using Guid(b80a5389a19edb14eaedad9dea67fcf6) Importer(2089858483,b0f066a214c2f5e87bad3c948f4d605d) (ScriptedImporter) -> (artifact id: 'd845efa59c37bef7476961ac7d627127') in 0.0025845 seconds
Number of updated asset objects reloaded before import = 0Number of asset objects unloaded after import = 1

========================================================================
Received Import Request.
  Time since last request: 0.000044 seconds.
  path: Assets/Plugins/FMOD/images/BankIcon.png
  artifactKey: Guid(a7e06068a7215854a84bf5ed8280ed15) Importer(2089858483,b0f066a214c2f5e87bad3c948f4d605d)
Start importing Assets/Plugins/FMOD/images/BankIcon.png using Guid(a7e06068a7215854a84bf5ed8280ed15) Importer(2089858483,b0f066a214c2f5e87bad3c948f4d605d) (ScriptedImporter) -> (artifact id: '078a149172d6bbf09ac312d9da124d67') in 0.004963833 seconds
Number of updated asset objects reloaded before import = 0Number of asset objects unloaded after import = 1

========================================================================
Received Import Request.
  Time since last request: 0.000042 seconds.
  path: Assets/Plugins/FMOD/platforms/linux/lib/x86_64/libfmodstudio.so
  artifactKey: Guid(9063aa11b1fcfcf4cb6030a076d14a30) Importer(2089858483,b0f066a214c2f5e87bad3c948f4d605d)
Start importing Assets/Plugins/FMOD/platforms/linux/lib/x86_64/libfmodstudio.so using Guid(9063aa11b1fcfcf4cb6030a076d14a30) Importer(2089858483,b0f066a214c2f5e87bad3c948f4d605d) (ScriptedImporter) -> (artifact id: 'd11ef5b4d48d6254f3fca2549c03da2b') in 0.002273042 seconds
Number of updated asset objects reloaded before import = 0Number of asset objects unloaded after import = 0

========================================================================
Received Import Request.
  Time since last request: 0.000070 seconds.
  path: Assets/Plugins/FMOD/platforms/android/lib/x86_64/libfmod.so
  artifactKey: Guid(7b1a5b0e7617bcf49885fb2dd09d7085) Importer(2089858483,b0f066a214c2f5e87bad3c948f4d605d)
Start importing Assets/Plugins/FMOD/platforms/android/lib/x86_64/libfmod.so using Guid(7b1a5b0e7617bcf49885fb2dd09d7085) Importer(2089858483,b0f066a214c2f5e87bad3c948f4d605d) (ScriptedImporter) -> (artifact id: 'e3ef9124ebd9778b7bd46667b2cf1a37') in 0.002135542 seconds
Number of updated asset objects reloaded before import = 0Number of asset objects unloaded after import = 0

========================================================================
Received Import Request.
  Time since last request: 0.000070 seconds.
  path: Assets/Plugins/FMOD/platforms/uwp/lib/arm/fmodL.dll
  artifactKey: Guid(82bacb4b0f3cc85418d2a1aa2ca57df6) Importer(2089858483,b0f066a214c2f5e87bad3c948f4d605d)
Start importing Assets/Plugins/FMOD/platforms/uwp/lib/arm/fmodL.dll using Guid(82bacb4b0f3cc85418d2a1aa2ca57df6) Importer(2089858483,b0f066a214c2f5e87bad3c948f4d605d) (ScriptedImporter) -> (artifact id: 'ae27f06cfd867e4c64af1e3d0c4cbb46') in 0.002321959 seconds
Number of updated asset objects reloaded before import = 0Number of asset objects unloaded after import = 0

========================================================================
Received Import Request.
  Time since last request: 0.000059 seconds.
  path: Assets/Roguelike2D/ExtendedVersion/Themes/Sand/Animation/SandPlayer/SandPlayerAnimatorController.controller
  artifactKey: Guid(841552e8db4a67b4f81f6a7b678dcf18) Importer(2089858483,b0f066a214c2f5e87bad3c948f4d605d)
Start importing Assets/Roguelike2D/ExtendedVersion/Themes/Sand/Animation/SandPlayer/SandPlayerAnimatorController.controller using Guid(841552e8db4a67b4f81f6a7b678dcf18) Importer(2089858483,b0f066a214c2f5e87bad3c948f4d605d) (ScriptedImporter) -> (artifact id: 'e1cda1221823f01008181b72809bdbd4') in 0.002810208 seconds
Number of updated asset objects reloaded before import = 0Number of asset objects unloaded after import = 16

========================================================================
Received Import Request.
  Time since last request: 0.000040 seconds.
  path: Assets/Roguelike2D/ExtendedVersion/Themes/Sand/Animation/SandEnemy2/Sand_Enemy2_Idle.anim
  artifactKey: Guid(9b50b1ecf052ef84bb99cb86a6e7ad42) Importer(2089858483,b0f066a214c2f5e87bad3c948f4d605d)
Start importing Assets/Roguelike2D/ExtendedVersion/Themes/Sand/Animation/SandEnemy2/Sand_Enemy2_Idle.anim using Guid(9b50b1ecf052ef84bb99cb86a6e7ad42) Importer(2089858483,b0f066a214c2f5e87bad3c948f4d605d) (ScriptedImporter) -> (artifact id: '05199910a20550a18634d23c16b79e9b') in 0.002888333 seconds
Number of updated asset objects reloaded before import = 0Number of asset objects unloaded after import = 1

========================================================================
Received Import Request.
  Time since last request: 0.000077 seconds.
  path: Assets/Roguelike2D/ExtendedVersion/Themes/Sand/Animation/SandEnemy1/Sand_Enemy1_Walk.anim
  artifactKey: Guid(9efc665515f029e42a924557526c3c76) Importer(2089858483,b0f066a214c2f5e87bad3c948f4d605d)
Start importing Assets/Roguelike2D/ExtendedVersion/Themes/Sand/Animation/SandEnemy1/Sand_Enemy1_Walk.anim using Guid(9efc665515f029e42a924557526c3c76) Importer(2089858483,b0f066a214c2f5e87bad3c948f4d605d) (ScriptedImporter) -> (artifact id: '4009960d0ad7ff7b010139f3dae2f9b2') in 0.002710417 seconds
Number of updated asset objects reloaded before import = 0Number of asset objects unloaded after import = 1

========================================================================
Received Import Request.
  Time since last request: 0.000049 seconds.
  path: Assets/Roguelike2D/ExtendedVersion/Themes/Snow/Animation/SnowEnemy2/Snow_Enemy2_Walk.anim
  artifactKey: Guid(b9b38000e6d9f2d4fbc04a0d6654a69e) Importer(2089858483,b0f066a214c2f5e87bad3c948f4d605d)
Start importing Assets/Roguelike2D/ExtendedVersion/Themes/Snow/Animation/SnowEnemy2/Snow_Enemy2_Walk.anim using Guid(b9b38000e6d9f2d4fbc04a0d6654a69e) Importer(2089858483,b0f066a214c2f5e87bad3c948f4d605d) (ScriptedImporter) -> (artifact id: 'e3efa2504496352fc515214cd1883783') in 0.002898417 seconds
Number of updated asset objects reloaded before import = 0Number of asset objects unloaded after import = 1

========================================================================
Received Import Request.
  Time since last request: 0.000115 seconds.
  path: Assets/Roguelike2D/ExtendedVersion/Themes/Sand/Animation/SandEnemy2/Sand_Enemy2_Walk.anim
  artifactKey: Guid(9c2b8faa33f8c9a40968ce82851d9a9b) Importer(2089858483,b0f066a214c2f5e87bad3c948f4d605d)
Start importing Assets/Roguelike2D/ExtendedVersion/Themes/Sand/Animation/SandEnemy2/Sand_Enemy2_Walk.anim using Guid(9c2b8faa33f8c9a40968ce82851d9a9b) Importer(2089858483,b0f066a214c2f5e87bad3c948f4d605d) (ScriptedImporter) -> (artifact id: 'f20986932dc37b4bca9a02665035ab85') in 0.002915209 seconds
Number of updated asset objects reloaded before import = 0Number of asset objects unloaded after import = 1

========================================================================
Received Import Request.
  Time since last request: 0.000051 seconds.
  path: Assets/Roguelike2D/ExtendedVersion/Themes/Urban/Animation/UrbanPlayer/UrbanWalking_0.controller
  artifactKey: Guid(6094dbb6e93ba4b30a2c630e25e22d2c) Importer(2089858483,b0f066a214c2f5e87bad3c948f4d605d)
Start importing Assets/Roguelike2D/ExtendedVersion/Themes/Urban/Animation/UrbanPlayer/UrbanWalking_0.controller using Guid(6094dbb6e93ba4b30a2c630e25e22d2c) Importer(2089858483,b0f066a214c2f5e87bad3c948f4d605d) (ScriptedImporter) -> (artifact id: '2d2e83a1c8279ca2b96a26edf54fd1e4') in 0.002373709 seconds
Number of updated asset objects reloaded before import = 0Number of asset objects unloaded after import = 4

========================================================================
Received Import Request.
  Time since last request: 0.000068 seconds.
  path: Assets/Roguelike2D/ExtendedVersion/Themes/Urban/Animation/UrbanEnemy2/UrbanEnemy2Hit.anim
  artifactKey: Guid(f56c1a8e4542fcf4ca5c96d923a52d0d) Importer(2089858483,b0f066a214c2f5e87bad3c948f4d605d)
Start importing Assets/Roguelike2D/ExtendedVersion/Themes/Urban/Animation/UrbanEnemy2/UrbanEnemy2Hit.anim using Guid(f56c1a8e4542fcf4ca5c96d923a52d0d) Importer(2089858483,b0f066a214c2f5e87bad3c948f4d605d) (ScriptedImporter) -> (artifact id: '71214dba96dfb5c3e90e623e4de6f420') in 0.002829667 seconds
Number of updated asset objects reloaded before import = 0Number of asset objects unloaded after import = 1

========================================================================
Received Import Request.
  Time since last request: 0.000071 seconds.
  path: Assets/Roguelike2D/ExtendedVersion/Themes/Urban/Animation/UrbanEnemy2/UrbanEnemy2Idle.anim
  artifactKey: Guid(e7e0f06cba2813841b5b8be4701c5d9b) Importer(2089858483,b0f066a214c2f5e87bad3c948f4d605d)
Start importing Assets/Roguelike2D/ExtendedVersion/Themes/Urban/Animation/UrbanEnemy2/UrbanEnemy2Idle.anim using Guid(e7e0f06cba2813841b5b8be4701c5d9b) Importer(2089858483,b0f066a214c2f5e87bad3c948f4d605d) (ScriptedImporter) -> (artifact id: 'e71e61437298f4107b747f6a76e34544') in 0.002782791 seconds
Number of updated asset objects reloaded before import = 0Number of asset objects unloaded after import = 1

========================================================================
Received Import Request.
  Time since last request: 0.000034 seconds.
  path: Assets/Roguelike2D/ExtendedVersion/Themes/Urban/Animation/UrbanEnemy2/UrbanEnemy2Attack.anim
  artifactKey: Guid(8b8df5d3f01b6ad47a091bb93200f562) Importer(2089858483,b0f066a214c2f5e87bad3c948f4d605d)
Start importing Assets/Roguelike2D/ExtendedVersion/Themes/Urban/Animation/UrbanEnemy2/UrbanEnemy2Attack.anim using Guid(8b8df5d3f01b6ad47a091bb93200f562) Importer(2089858483,b0f066a214c2f5e87bad3c948f4d605d) (ScriptedImporter) -> (artifact id: 'ed92ba0a25a288bf0b9377e2172bf203') in 0.00268725 seconds
Number of updated asset objects reloaded before import = 0Number of asset objects unloaded after import = 1

========================================================================
Received Import Request.
  Time since last request: 0.000065 seconds.
  path: Assets/Roguelike2D/ExtendedVersion/Themes/Urban/Animation/UrbanEnemy2/Enemy_2_Walking.anim
  artifactKey: Guid(0711bf5201a250442afda5106f812ce6) Importer(2089858483,b0f066a214c2f5e87bad3c948f4d605d)
Start importing Assets/Roguelike2D/ExtendedVersion/Themes/Urban/Animation/UrbanEnemy2/Enemy_2_Walking.anim using Guid(0711bf5201a250442afda5106f812ce6) Importer(2089858483,b0f066a214c2f5e87bad3c948f4d605d) (ScriptedImporter) -> (artifact id: '25e372cd055700a153277b50f59092ec') in 0.002718083 seconds
Number of updated asset objects reloaded before import = 0Number of asset objects unloaded after import = 1

========================================================================
Received Import Request.
  Time since last request: 0.000056 seconds.
  path: Assets/Roguelike2D/ExtendedVersion/Themes/Urban/Animation/UrbanEnemy2/UrbanEnemy2AnimatorController.controller
  artifactKey: Guid(7ad3c066f315a704e8817304d6397a76) Importer(2089858483,b0f066a214c2f5e87bad3c948f4d605d)
Start importing Assets/Roguelike2D/ExtendedVersion/Themes/Urban/Animation/UrbanEnemy2/UrbanEnemy2AnimatorController.controller using Guid(7ad3c066f315a704e8817304d6397a76) Importer(2089858483,b0f066a214c2f5e87bad3c948f4d605d) (ScriptedImporter) -> (artifact id: '868957611eb4115cd3f1a8dab982d772') in 0.002980875 seconds
Number of updated asset objects reloaded before import = 0Number of asset objects unloaded after import = 16

========================================================================
Received Import Request.
  Time since last request: 0.000094 seconds.
  path: Assets/Roguelike2D/ExtendedVersion/Themes/Sand/Animation/SandPlayer/SandPlayerAttack.anim
  artifactKey: Guid(6552be8057063bf41a4180536127ba36) Importer(2089858483,b0f066a214c2f5e87bad3c948f4d605d)
Start importing Assets/Roguelike2D/ExtendedVersion/Themes/Sand/Animation/SandPlayer/SandPlayerAttack.anim using Guid(6552be8057063bf41a4180536127ba36) Importer(2089858483,b0f066a214c2f5e87bad3c948f4d605d) (ScriptedImporter) -> (artifact id: 'f350be401142c9bcdbc1baa9cf1b051b') in 0.002715666 seconds
Number of updated asset objects reloaded before import = 0Number of asset objects unloaded after import = 1

========================================================================
Received Import Request.
  Time since last request: 0.000042 seconds.
  path: Assets/Plugins/FMOD/platforms/uwp/lib/x64/fmod.dll
  artifactKey: Guid(68f9a982a926833498d438319388a455) Importer(2089858483,b0f066a214c2f5e87bad3c948f4d605d)
Start importing Assets/Plugins/FMOD/platforms/uwp/lib/x64/fmod.dll using Guid(68f9a982a926833498d438319388a455) Importer(2089858483,b0f066a214c2f5e87bad3c948f4d605d) (ScriptedImporter) -> (artifact id: '65fd213176eab179c7e8e34dadf500de') in 0.002287958 seconds
Number of updated asset objects reloaded before import = 0Number of asset objects unloaded after import = 0

========================================================================
Received Import Request.
  Time since last request: 0.000045 seconds.
  path: Assets/Roguelike2D/ExtendedVersion/Themes/Sand/Animation/SandPlayer/SandPlayerIdle.anim
  artifactKey: Guid(eaceee660fc55d440a28483342178051) Importer(2089858483,b0f066a214c2f5e87bad3c948f4d605d)
Start importing Assets/Roguelike2D/ExtendedVersion/Themes/Sand/Animation/SandPlayer/SandPlayerIdle.anim using Guid(eaceee660fc55d440a28483342178051) Importer(2089858483,b0f066a214c2f5e87bad3c948f4d605d) (ScriptedImporter) -> (artifact id: '36a329dd6de3b43f16d3222c13ad9c83') in 0.005896666 seconds
Number of updated asset objects reloaded before import = 0Number of asset objects unloaded after import = 1

========================================================================
Received Import Request.
  Time since last request: 0.000060 seconds.
  path: Assets/Plugins/FMOD/platforms/android/lib/x86_64/libfmodstudio.so
  artifactKey: Guid(8c078c4748d95c2489bb3b82aa144194) Importer(2089858483,b0f066a214c2f5e87bad3c948f4d605d)
Start importing Assets/Plugins/FMOD/platforms/android/lib/x86_64/libfmodstudio.so using Guid(8c078c4748d95c2489bb3b82aa144194) Importer(2089858483,b0f066a214c2f5e87bad3c948f4d605d) (ScriptedImporter) -> (artifact id: '65ea8cf064a2242f45d8e640385318ac') in 0.002036875 seconds
Number of updated asset objects reloaded before import = 0Number of asset objects unloaded after import = 0

========================================================================
Received Import Request.
  Time since last request: 0.000037 seconds.
  path: Assets/Plugins/FMOD/platforms/linux/lib/x86_64/libresonanceaudio.so
  artifactKey: Guid(bca6f630c310b4945b52486d2ed1da0a) Importer(2089858483,b0f066a214c2f5e87bad3c948f4d605d)
Start importing Assets/Plugins/FMOD/platforms/linux/lib/x86_64/libresonanceaudio.so using Guid(bca6f630c310b4945b52486d2ed1da0a) Importer(2089858483,b0f066a214c2f5e87bad3c948f4d605d) (ScriptedImporter) -> (artifact id: 'b0520089be2bd5f7a5adfff4a49f7bc3') in 0.002338958 seconds
Number of updated asset objects reloaded before import = 0Number of asset objects unloaded after import = 0

========================================================================
Received Import Request.
  Time since last request: 0.000042 seconds.
  path: Assets/Plugins/FMOD/platforms/android/lib/armeabi-v7a/libresonanceaudio.so
  artifactKey: Guid(fb0aabfc61c4c1548ac6990286c84327) Importer(2089858483,b0f066a214c2f5e87bad3c948f4d605d)
Start importing Assets/Plugins/FMOD/platforms/android/lib/armeabi-v7a/libresonanceaudio.so using Guid(fb0aabfc61c4c1548ac6990286c84327) Importer(2089858483,b0f066a214c2f5e87bad3c948f4d605d) (ScriptedImporter) -> (artifact id: '89dceaf416858c814cbe43d3b389c89b') in 0.001857709 seconds
Number of updated asset objects reloaded before import = 0Number of asset objects unloaded after import = 0

========================================================================
Received Import Request.
  Time since last request: 0.000060 seconds.
  path: Assets/Roguelike2D/ExtendedVersion/Themes/Snow/Animation/SnowEnemy2/Snow_Enemy2_Idle.anim
  artifactKey: Guid(23ec6bf7154fc664492f9e9a3b0011ca) Importer(2089858483,b0f066a214c2f5e87bad3c948f4d605d)
Start importing Assets/Roguelike2D/ExtendedVersion/Themes/Snow/Animation/SnowEnemy2/Snow_Enemy2_Idle.anim using Guid(23ec6bf7154fc664492f9e9a3b0011ca) Importer(2089858483,b0f066a214c2f5e87bad3c948f4d605d) (ScriptedImporter) -> (artifact id: 'd2b61109c9f2e32b45100dc2d863bb23') in 0.002764042 seconds
Number of updated asset objects reloaded before import = 0Number of asset objects unloaded after import = 1

========================================================================
Received Import Request.
  Time since last request: 0.000043 seconds.
  path: Assets/Plugins/FMOD/platforms/android/lib/arm64-v8a/libresonanceaudio.so
  artifactKey: Guid(2bd9aca31d63ca248bf159e7562a3609) Importer(2089858483,b0f066a214c2f5e87bad3c948f4d605d)
Start importing Assets/Plugins/FMOD/platforms/android/lib/arm64-v8a/libresonanceaudio.so using Guid(2bd9aca31d63ca248bf159e7562a3609) Importer(2089858483,b0f066a214c2f5e87bad3c948f4d605d) (ScriptedImporter) -> (artifact id: '274d04779637cf3a466d66439b0c94dc') in 0.001923791 seconds
Number of updated asset objects reloaded before import = 0Number of asset objects unloaded after import = 0

========================================================================
Received Import Request.
  Time since last request: 0.000038 seconds.
  path: Assets/Plugins/FMOD/platforms/uwp/lib/x86/fmod.dll
  artifactKey: Guid(39f9a761a2a032045a853a069db31081) Importer(2089858483,b0f066a214c2f5e87bad3c948f4d605d)
Start importing Assets/Plugins/FMOD/platforms/uwp/lib/x86/fmod.dll using Guid(39f9a761a2a032045a853a069db31081) Importer(2089858483,b0f066a214c2f5e87bad3c948f4d605d) (ScriptedImporter) -> (artifact id: 'ba0781380197d942ada1ce78fe2fd4f3') in 0.002599833 seconds
Number of updated asset objects reloaded before import = 0Number of asset objects unloaded after import = 0

========================================================================
Received Import Request.
  Time since last request: 0.000044 seconds.
  path: Assets/Plugins/FMOD/platforms/android/lib/x86_64/libfmodL.so
  artifactKey: Guid(51dea0d403c47f345a6efe70b23fe6e3) Importer(2089858483,b0f066a214c2f5e87bad3c948f4d605d)
Start importing Assets/Plugins/FMOD/platforms/android/lib/x86_64/libfmodL.so using Guid(51dea0d403c47f345a6efe70b23fe6e3) Importer(2089858483,b0f066a214c2f5e87bad3c948f4d605d) (ScriptedImporter) -> (artifact id: 'aebf7f49e5b71a3802e1ea8123305198') in 0.002054458 seconds
Number of updated asset objects reloaded before import = 0Number of asset objects unloaded after import = 0

========================================================================
Received Import Request.
  Time since last request: 0.000091 seconds.
  path: Assets/Roguelike2D/ExtendedVersion/Scenes/Main.unity
  artifactKey: Guid(82e2a06e2dc6b4c2296689d97e246a5e) Importer(2089858483,b0f066a214c2f5e87bad3c948f4d605d)
Start importing Assets/Roguelike2D/ExtendedVersion/Scenes/Main.unity using Guid(82e2a06e2dc6b4c2296689d97e246a5e) Importer(2089858483,b0f066a214c2f5e87bad3c948f4d605d) (ScriptedImporter) -> (artifact id: '22a993274443f79cc040a126e3af8372') in 0.0039125 seconds
Number of updated asset objects reloaded before import = 0Number of asset objects unloaded after import = 1

========================================================================
Received Import Request.
  Time since last request: 0.000070 seconds.
  path: Assets/Plugins/FMOD/images/SnapshotIcon.png
  artifactKey: Guid(cf2bba5fb8be7e64ca39979f18eb372a) Importer(2089858483,b0f066a214c2f5e87bad3c948f4d605d)
Start importing Assets/Plugins/FMOD/images/SnapshotIcon.png using Guid(cf2bba5fb8be7e64ca39979f18eb372a) Importer(2089858483,b0f066a214c2f5e87bad3c948f4d605d) (ScriptedImporter) -> (artifact id: '83708fbf44aeebc56ef2e1be4ee155e0') in 0.004712167 seconds
Number of updated asset objects reloaded before import = 0Number of asset objects unloaded after import = 1

========================================================================
Received Import Request.
  Time since last request: 0.000041 seconds.
  path: Assets/Plugins/FMOD/platforms/android/lib/arm64-v8a/libfmod.so
  artifactKey: Guid(159cb3726937c6c498fa49eb627b0d96) Importer(2089858483,b0f066a214c2f5e87bad3c948f4d605d)
Start importing Assets/Plugins/FMOD/platforms/android/lib/arm64-v8a/libfmod.so using Guid(159cb3726937c6c498fa49eb627b0d96) Importer(2089858483,b0f066a214c2f5e87bad3c948f4d605d) (ScriptedImporter) -> (artifact id: '69a4f2373b836f5513ca81f38ce0e3b1') in 0.002017584 seconds
Number of updated asset objects reloaded before import = 0Number of asset objects unloaded after import = 0

========================================================================
Received Import Request.
  Time since last request: 0.000059 seconds.
  path: Assets/Plugins/FMOD/src/RuntimeManager.cs
  artifactKey: Guid(5e5fb8ce07f0ce84b9d1852869527ea5) Importer(2089858483,b0f066a214c2f5e87bad3c948f4d605d)
Start importing Assets/Plugins/FMOD/src/RuntimeManager.cs using Guid(5e5fb8ce07f0ce84b9d1852869527ea5) Importer(2089858483,b0f066a214c2f5e87bad3c948f4d605d) (ScriptedImporter) -> (artifact id: '1bcfd8cc8b12f37fd57a750bc5e784f6') in 0.001921708 seconds
Number of updated asset objects reloaded before import = 0Number of asset objects unloaded after import = 0

========================================================================
Received Import Request.
  Time since last request: 0.000054 seconds.
  path: Assets/Plugins/FMOD/platforms/visionos/lib/libresonanceaudio_xros.a
  artifactKey: Guid(c56aac88d64894d01a74d1cf8f609da6) Importer(2089858483,b0f066a214c2f5e87bad3c948f4d605d)
Start importing Assets/Plugins/FMOD/platforms/visionos/lib/libresonanceaudio_xros.a using Guid(c56aac88d64894d01a74d1cf8f609da6) Importer(2089858483,b0f066a214c2f5e87bad3c948f4d605d) (ScriptedImporter) -> (artifact id: 'a4f37ed42a847a10f003dbdf8fa74336') in 0.002318042 seconds
Number of updated asset objects reloaded before import = 0Number of asset objects unloaded after import = 0

========================================================================
Received Import Request.
  Time since last request: 0.000044 seconds.
  path: Assets/Roguelike2D/ExtendedVersion/Themes/Sand/Tiles/Scavengers2_SpriteSheet_39 2.asset
  artifactKey: Guid(e70beb4f977b94a41af220e1312e6ab5) Importer(2089858483,b0f066a214c2f5e87bad3c948f4d605d)
Start importing Assets/Roguelike2D/ExtendedVersion/Themes/Sand/Tiles/Scavengers2_SpriteSheet_39 2.asset using Guid(e70beb4f977b94a41af220e1312e6ab5) Importer(2089858483,b0f066a214c2f5e87bad3c948f4d605d) (ScriptedImporter) -> (artifact id: 'b1f49ff4506bbbedfc117fa332def491') in 0.002608958 seconds
Number of updated asset objects reloaded before import = 0Number of asset objects unloaded after import = 2

========================================================================
Received Import Request.
  Time since last request: 0.000054 seconds.
  path: Assets/Settings/PlayerInput.inputactions
  artifactKey: Guid(b06d29081305e1a4483ab5601fc5b5d0) Importer(2089858483,b0f066a214c2f5e87bad3c948f4d605d)
Start importing Assets/Settings/PlayerInput.inputactions using Guid(b06d29081305e1a4483ab5601fc5b5d0) Importer(2089858483,b0f066a214c2f5e87bad3c948f4d605d) (ScriptedImporter) -> (artifact id: '4ef2dc4169e46719309006b6c3a65ebb') in 0.00437725 seconds
Number of updated asset objects reloaded before import = 0Number of asset objects unloaded after import = 8

========================================================================
Received Import Request.
  Time since last request: 0.000057 seconds.
  path: Assets/Roguelike2D/ExtendedVersion/Themes/Snow/Tiles/Assets_SpriteSheet3_0.asset
  artifactKey: Guid(441b8ced01a6a4041a2b7da84bd68ed1) Importer(2089858483,b0f066a214c2f5e87bad3c948f4d605d)
Start importing Assets/Roguelike2D/ExtendedVersion/Themes/Snow/Tiles/Assets_SpriteSheet3_0.asset using Guid(441b8ced01a6a4041a2b7da84bd68ed1) Importer(2089858483,b0f066a214c2f5e87bad3c948f4d605d) (ScriptedImporter) -> (artifact id: '3566a0c1e81a5bfc045e235543d5c775') in 0.002827708 seconds
Number of updated asset objects reloaded before import = 0Number of asset objects unloaded after import = 2

========================================================================
Received Import Request.
  Time since last request: 0.000046 seconds.
  path: Assets/Roguelike2D/TutorialAssets/Audio/soda1.aif
  artifactKey: Guid(b6b608537288246c9a464915db27bf52) Importer(2089858483,b0f066a214c2f5e87bad3c948f4d605d)
Start importing Assets/Roguelike2D/TutorialAssets/Audio/soda1.aif using Guid(b6b608537288246c9a464915db27bf52) Importer(2089858483,b0f066a214c2f5e87bad3c948f4d605d) (ScriptedImporter) -> (artifact id: 'f6d21830b6b5069d444c7a33875324d0') in 0.018431958 seconds
Number of updated asset objects reloaded before import = 0Number of asset objects unloaded after import = 1

========================================================================
Received Import Request.
  Time since last request: 0.000042 seconds.
  path: Assets/Settings/Build Profiles/ExtendedVersion.asset
  artifactKey: Guid(d25d1583307256442815d998772f4cdc) Importer(2089858483,b0f066a214c2f5e87bad3c948f4d605d)
Start importing Assets/Settings/Build Profiles/ExtendedVersion.asset using Guid(d25d1583307256442815d998772f4cdc) Importer(2089858483,b0f066a214c2f5e87bad3c948f4d605d) (ScriptedImporter)Missing types referenced from component BuildProfile on game object ExtendedVersion:
	UnityEditor.WebGL.WebGLPlatformSettings, UnityEditor.WebGL.Extensions (1 object)
 -> (artifact id: 'a70dd048e22667064e2ee9b97b295228') in 0.003193583 seconds
Number of updated asset objects reloaded before import = 0Number of asset objects unloaded after import = 1

========================================================================
Received Import Request.
  Time since last request: 0.000048 seconds.
  path: Assets/Plugins/FMOD/src/EventRefAttribute.cs
  artifactKey: Guid(1b29a1189268c3b47aa2ec4b96a9e7ef) Importer(2089858483,b0f066a214c2f5e87bad3c948f4d605d)
Start importing Assets/Plugins/FMOD/src/EventRefAttribute.cs using Guid(1b29a1189268c3b47aa2ec4b96a9e7ef) Importer(2089858483,b0f066a214c2f5e87bad3c948f4d605d) (ScriptedImporter) -> (artifact id: '2a11ba7fabb910ae00dd1fac148a90e7') in 0.001865084 seconds
Number of updated asset objects reloaded before import = 0Number of asset objects unloaded after import = 0

========================================================================
Received Import Request.
  Time since last request: 0.000049 seconds.
  path: Assets/Roguelike2D/TutorialAssets/Sprites/UI/Defense.png
  artifactKey: Guid(62b65f366da816b419bae8dba11100a7) Importer(2089858483,b0f066a214c2f5e87bad3c948f4d605d)
Start importing Assets/Roguelike2D/TutorialAssets/Sprites/UI/Defense.png using Guid(62b65f366da816b419bae8dba11100a7) Importer(2089858483,b0f066a214c2f5e87bad3c948f4d605d) (ScriptedImporter) -> (artifact id: '5e1f4a1ff4b397d5bd0a9059544b79cf') in 0.004978167 seconds
Number of updated asset objects reloaded before import = 0Number of asset objects unloaded after import = 3

========================================================================
Received Import Request.
  Time since last request: 0.000042 seconds.
  path: Assets/Plugins/FMOD/platforms/android/lib/armeabi-v7a/libfmodstudioL.so
  artifactKey: Guid(8de47c7524234f64fb6a7d661154b1a3) Importer(2089858483,b0f066a214c2f5e87bad3c948f4d605d)
Start importing Assets/Plugins/FMOD/platforms/android/lib/armeabi-v7a/libfmodstudioL.so using Guid(8de47c7524234f64fb6a7d661154b1a3) Importer(2089858483,b0f066a214c2f5e87bad3c948f4d605d) (ScriptedImporter) -> (artifact id: '17920b2a3f26dcd3f950914501f8597c') in 0.00221975 seconds
Number of updated asset objects reloaded before import = 0Number of asset objects unloaded after import = 0

========================================================================
Received Import Request.
  Time since last request: 0.000041 seconds.
  path: Assets/Roguelike2D/ExtendedVersion/Themes/Snow/Tiles/Assets_SpriteSheet3_1.asset
  artifactKey: Guid(2671b39818885474e96519ef6d8c20eb) Importer(2089858483,b0f066a214c2f5e87bad3c948f4d605d)
Start importing Assets/Roguelike2D/ExtendedVersion/Themes/Snow/Tiles/Assets_SpriteSheet3_1.asset using Guid(2671b39818885474e96519ef6d8c20eb) Importer(2089858483,b0f066a214c2f5e87bad3c948f4d605d) (ScriptedImporter) -> (artifact id: '9a924d3e9d505b9dcd606cb7db7a584d') in 0.002958583 seconds
Number of updated asset objects reloaded before import = 0Number of asset objects unloaded after import = 2

========================================================================
Received Import Request.
  Time since last request: 0.000054 seconds.
  path: Assets/Roguelike2D/ExtendedVersion/Themes/Urban/UrbanTheme.asset
  artifactKey: Guid(f280cb2e72c0c8c469a0767819a22740) Importer(2089858483,b0f066a214c2f5e87bad3c948f4d605d)
Start importing Assets/Roguelike2D/ExtendedVersion/Themes/Urban/UrbanTheme.asset using Guid(f280cb2e72c0c8c469a0767819a22740) Importer(2089858483,b0f066a214c2f5e87bad3c948f4d605d) (ScriptedImporter) -> (artifact id: '3e9da30a0cff0c0874c7e2a8ab102a27') in 0.006608542 seconds
Number of updated asset objects reloaded before import = 0Number of asset objects unloaded after import = 69

========================================================================
Received Import Request.
  Time since last request: 0.000041 seconds.
  path: Assets/Plugins/FMOD/platforms/android/lib/x86/libfmodstudio.so
  artifactKey: Guid(a20d361b085100b4997c4e5b0b83af31) Importer(2089858483,b0f066a214c2f5e87bad3c948f4d605d)
Start importing Assets/Plugins/FMOD/platforms/android/lib/x86/libfmodstudio.so using Guid(a20d361b085100b4997c4e5b0b83af31) Importer(2089858483,b0f066a214c2f5e87bad3c948f4d605d) (ScriptedImporter) -> (artifact id: '3837458a12036a08a645ff8017241589') in 0.001965875 seconds
Number of updated asset objects reloaded before import = 0Number of asset objects unloaded after import = 0

========================================================================
Received Import Request.
  Time since last request: 0.000060 seconds.
  path: Assets/Roguelike2D/ExtendedVersion/Scripts/Data/EnemySettings.cs
  artifactKey: Guid(b7b7be30700fd7e449b13c83c6b60ecf) Importer(2089858483,b0f066a214c2f5e87bad3c948f4d605d)
Start importing Assets/Roguelike2D/ExtendedVersion/Scripts/Data/EnemySettings.cs using Guid(b7b7be30700fd7e449b13c83c6b60ecf) Importer(2089858483,b0f066a214c2f5e87bad3c948f4d605d) (ScriptedImporter) -> (artifact id: '1a0e8e98aab8df6b4504a28bd79af707') in 0.001822542 seconds
Number of updated asset objects reloaded before import = 0Number of asset objects unloaded after import = 0

========================================================================
Received Import Request.
  Time since last request: 0.000053 seconds.
  path: Assets/Roguelike2D/ExtendedVersion/Themes/Sand/SandWorldSettings.asset
  artifactKey: Guid(8193381c0fcbe9547b8907272d4d5fa4) Importer(2089858483,b0f066a214c2f5e87bad3c948f4d605d)
Start importing Assets/Roguelike2D/ExtendedVersion/Themes/Sand/SandWorldSettings.asset using Guid(8193381c0fcbe9547b8907272d4d5fa4) Importer(2089858483,b0f066a214c2f5e87bad3c948f4d605d) (ScriptedImporter) -> (artifact id: 'f6fb6cd6af43df63dd2b75d69f15a1f6') in 0.0066465 seconds
Number of updated asset objects reloaded before import = 0Number of asset objects unloaded after import = 99

