Unity Editor version:    6000.3.15f1 (c1aa84e375f6)
Branch:                  6000.3/staging
Build type:              Release
Batch mode:              YES
macOS version:           Version 13.6.2 (Build 22G320)
Darwin version:          22.6.0
Architecture:            arm64
Running under Rosetta:   NO
Available memory:        16384 MB
Date:                    2026-05-19T06:16:51Z
[Licensing::Module] Trying to connect to existing licensing client channel...
[Licensing::IpcConnector] Successfully connected to: "LicenseClient-Alex" at "2026-05-19T06:16:51.564013Z"

COMMAND LINE ARGUMENTS:
/Applications/Unity/Hub/Editor/6000.3.15f1/Unity.app/Contents/MacOS/Unity
-adb2
-batchMode
-noUpm
-name
AssetImportWorker0
-projectPath
/Users/Alex/Desktop/Work/Tec/Clases/DSNL/Proyecto Final/Roguelike
-logFile
Logs/AssetImportWorker0.log
-srvPort
55090
-licensingIpc
LicenseClient-Alex
-job-worker-count
4
-background-job-worker-count
8
-gc-helper-count
1
-name AssetImport
Successfully changed project path to: /Users/Alex/Desktop/Work/Tec/Clases/DSNL/Proyecto Final/Roguelike
/Users/Alex/Desktop/Work/Tec/Clases/DSNL/Proyecto Final/Roguelike
[UnityMemory] Configuration Parameters - Can be set up in boot.config
    "memorysetup-allocator-temp-initial-block-size-main=262144"
    "memorysetup-allocator-temp-initial-block-size-worker=262144"
    "memorysetup-temp-allocator-size-background-worker=32768"
    "memorysetup-temp-allocator-size-job-worker=262144"
    "memorysetup-temp-allocator-size-preload-manager=33554432"
    "memorysetup-temp-allocator-size-nav-mesh-worker=65536"
    "memorysetup-temp-allocator-size-audio-worker=65536"
    "memorysetup-temp-allocator-size-cloud-worker=32768"
    "memorysetup-bucket-allocator-granularity=16"
    "memorysetup-bucket-allocator-bucket-count=8"
    "memorysetup-bucket-allocator-block-size=33554432"
    "memorysetup-bucket-allocator-block-count=8"
    "memorysetup-main-allocator-block-size=16777216"
    "memorysetup-thread-allocator-block-size=16777216"
    "memorysetup-gfx-main-allocator-block-size=16777216"
    "memorysetup-gfx-thread-allocator-block-size=16777216"
    "memorysetup-cache-allocator-block-size=4194304"
    "memorysetup-typetree-allocator-block-size=2097152"
    "memorysetup-profiler-bucket-allocator-granularity=16"
    "memorysetup-profiler-bucket-allocator-bucket-count=8"
    "memorysetup-profiler-bucket-allocator-block-size=33554432"
    "memorysetup-profiler-bucket-allocator-block-count=8"
    "memorysetup-profiler-allocator-block-size=16777216"
    "memorysetup-profiler-editor-allocator-block-size=1048576"
    "memorysetup-temp-allocator-size-main=16777216"
    "memorysetup-job-temp-allocator-block-size=2097152"
    "memorysetup-job-temp-allocator-block-size-background=1048576"
    "memorysetup-job-temp-allocator-reduction-small-platforms=262144"
    "memorysetup-temp-allocator-size-gi-baking-worker=262144"
    "memorysetup-temp-allocator-size-gi-baking-worker=262144"
    "memorysetup-temp-allocator-size-gi-baking-worker=262144"
    "memorysetup-temp-allocator-size-gi-baking-worker=262144"
    "memorysetup-temp-allocator-size-gi-baking-worker=262144"
    "memorysetup-temp-allocator-size-gfx=262144"
Player connection [8079646848]  Target information:

Player connection [8079646848]  * "[IP] 192.168.21.154 [Port] 0 [Flags] 2 [Guid] 4277672265 [EditorId] 4277672265 [Version] 1048832 [Id] OSXEditor(0,MacBook-Pro-22.local) [Debug] 1 [PackageName] OSXEditor [ProjectName] Editor" 

Player connection [8079646848]  * "[IP] 10.5.0.2 [Port] 0 [Flags] 2 [Guid] 4277672265 [EditorId] 4277672265 [Version] 1048832 [Id] OSXEditor(0,MacBook-Pro-22.local) [Debug] 1 [PackageName] OSXEditor [ProjectName] Editor" 

Player connection [8079646848] Host joined multi-casting on [225.0.0.222:54997]...
Player connection [8079646848] Host joined alternative multi-casting on [225.0.0.222:34997]...
JobSystem: Creating JobQueue using job-worker-count value 4
Input System module state changed to: Initialized.
[Physics::Module] Initialized fallback backend.
[Physics::Module] Id: 0xdecafbad
Library Redirect Path: Library/
[Physics::Module] Selected backend.
[Physics::Module] Name: PhysX
[Physics::Module] Id: 0xf2b8ea05
[Physics::Module] SDK Version: 4.1.2
[Physics::Module] Integration Version: 1.0.0
[Physics::Module] Threading Mode: Multi-Threaded
Refreshing native plugins compatible for Editor in 34.98 ms, found 5 plugins.
Preloading 0 native plugins for Editor in 0.00 ms.
Initialize engine version: 6000.3.15f1 (c1aa84e375f6)
[Subsystems] Discovering subsystems at path /Applications/Unity/Hub/Editor/6000.3.15f1/Unity.app/Contents/Resources/UnitySubsystems
[Subsystems] Discovering subsystems at path /Users/Alex/Desktop/Work/Tec/Clases/DSNL/Proyecto Final/Roguelike/Assets
GfxDevice: creating device client; kGfxThreadingModeNonThreaded
 preferred device: Apple M1 Pro (high power)
Metal devices available: 1
0: Apple M1 Pro (high power)
Using device Apple M1 Pro (high power)
Initializing Metal device caps: Apple M1 Pro
Mac GPU Family: 2
Apple GPU Family: 7
MSL Version: 3.0
Has Float MSAA: 1
Has Float Filtering: 1
ReadWrite Texture Tier: 2
Initialize mono
Mono path[0] = '/Applications/Unity/Hub/Editor/6000.3.15f1/Unity.app/Contents/Resources/Scripting/Managed'
Mono path[1] = '/Applications/Unity/Hub/Editor/6000.3.15f1/Unity.app/Contents/Resources/Scripting/MonoBleedingEdge/lib/mono/unityjit-macos'
Mono config path = '/Applications/Unity/Hub/Editor/6000.3.15f1/Unity.app/Contents/Resources/Scripting/MonoBleedingEdge/etc'
Using monoOptions --debugger-agent=transport=dt_socket,embedding=1,server=y,suspend=n,address=127.0.0.1:56005
Begin MonoManager ReloadAssembly
[Licensing::Client] Error: HandshakeResponse reported an error:
	ResponseCode: 505
	ResponseStatus: Unsupported protocol version '1.18.1'.
[Licensing::Module] Error: Failed to handshake to channel: "LicenseClient-Alex"
[Licensing::IpcConnector] LicenseClient-Alex channel disconnected successfully.
[Licensing::IpcConnector] Successfully connected to: "LicenseClient-Alex-6000.3.15" at "2026-05-19T06:16:52.146547Z"
Registering precompiled unity dll's ...
Register platform support module: /Applications/Unity/Hub/Editor/6000.3.15f1/Unity.app/Contents/PlaybackEngines/MacStandaloneSupport/UnityEditor.OSXStandalone.Extensions.dll
Registered in 0.000988 seconds.
- Loaded All Assemblies, in  0.359 seconds
Native extension for OSXStandalone target not found
Package Manager log level set to [2]
[Package Manager] Failed to launch server process. Reason: Unity was launched with the -noUpm command-line argument
[Package Manager] Unable to send message (not connected to server process).
[Package Manager] Cannot connect to Unity Package Manager local server
[Licensing::Client] Handshaking with LicensingClient:
  Version:                 1.18.1+9fbee8e
  Session Id:              d1ea8200d042463083451d20ab24e2b7
  Correlation Id:          c0f766aa13add1d354b4cedca8744067
  External correlation Id: 1133692592953455413
  Machine Id:              fCrhWvHADvYwb42OuRYr3C/F7Ys=
[Licensing::Module] Successfully connected to LicensingClient on channel: "LicenseClient-Alex-6000.3.15" (connect: 0.00s, validation: 0.00s, handshake: 0.44s)
[Licensing::IpcConnector] Successfully connected to: "LicenseClient-Alex-6000.3.15-notifications" at "2026-05-19T06:16:52.585692Z"
[Licensing::Module] Licensing Background thread has ended after 1.02s
ScheduleIndexationOnStartup MainProcess:False IndexOnStartup:True
Mono: successfully reloaded assembly
- Finished resetting the current domain, in  0.300 seconds
Domain Reload Profiling: 659ms
	BeginReloadAssembly (141ms)
		ExecutionOrderSort (0ms)
		DisableScriptedObjects (0ms)
		BackupInstance (0ms)
		ReleaseScriptingObjects (0ms)
		CreateAndSetChildDomain (1ms)
	RebuildCommonClasses (31ms)
	RebuildNativeTypeToScriptingClass (11ms)
	initialDomainReloadingComplete (33ms)
	LoadAllAssembliesAndSetupDomain (143ms)
		LoadAssemblies (140ms)
		RebuildTransferFunctionScriptingTraits (0ms)
		AnalyzeDomain (141ms)
			TypeCache.Refresh (139ms)
				TypeCache.ScanAssembly (125ms)
			BuildScriptInfoCaches (0ms)
			ResolveRequiredComponents (0ms)
	FinalizeReload (300ms)
		ReleaseScriptCaches (0ms)
		RebuildScriptCaches (0ms)
		SetupLoadedEditorAssemblies (260ms)
			LogAssemblyErrors (0ms)
			InitializePlatformSupportModulesInManaged (34ms)
			SetLoadedEditorAssemblies (4ms)
			BeforeProcessingInitializeOnLoad (60ms)
			ProcessInitializeOnLoadAttributes (97ms)
			ProcessInitializeOnLoadMethodAttributes (65ms)
			AfterProcessingInitializeOnLoad (0ms)
			EditorAssembliesLoaded (0ms)
		ExecutionOrderSort2 (0ms)
		AwakeInstancesAfterBackupRestoration (0ms)
Assembly reference Packages/com.unity.cinemachine/Editor/Samples/ExposeHDRPInternals/HDRP-Editor-ref.asmref has no target assembly definition
[CoreBusinessMetrics] Unexpected thread when updating session info.
========================================================================
Worker process is ready to serve import requests
Import Worker Mode flag is 0x00
Assembly reference Packages/com.unity.cinemachine/Editor/Samples/ExposeHDRPInternals/HDRP-Editor-ref.asmref has no target assembly definition
Assembly reference Packages/com.unity.cinemachine/Editor/Samples/ExposeHDRPInternals/HDRP-Editor-ref.asmref has no target assembly definition
Begin MonoManager ReloadAssembly
[Licensing::Client] Successfully resolved entitlement details
[Licensing::Module] License group:
  Id: F4-UKUF-79CE-TNGQ-G8N5-XXXX
  Product: Unity Personal
  Type: ULF
  Expiration: Unlimited
[Licensing::Module] License group:
  Id: 4672943753789-UnityPersXXXX
  Product: Unity Personal
  Type: Assigned
  Expiration: Unlimited
- Loaded All Assemblies, in  0.689 seconds
Assembly reference Packages/com.unity.cinemachine/Editor/Samples/ExposeHDRPInternals/HDRP-Editor-ref.asmref has no target assembly definition
Refreshing native plugins compatible for Editor in 3.28 ms, found 5 plugins.
Native extension for OSXStandalone target not found
Assembly reference Packages/com.unity.cinemachine/Editor/Samples/ExposeHDRPInternals/HDRP-Editor-ref.asmref has no target assembly definition
[Package Manager] Failed to launch server process. Reason: Unity was launched with the -noUpm command-line argument
[Package Manager] Unable to send message (not connected to server process).
[Package Manager] Cannot connect to Unity Package Manager local server
[Package Manager] Failed to launch server process. Reason: Unity was launched with the -noUpm command-line argument
[Package Manager] Unable to send message (not connected to server process).
[Package Manager] Cannot connect to Unity Package Manager local server
[Package Manager] Failed to launch server process. Reason: Unity was launched with the -noUpm command-line argument
[Package Manager] Unable to send message (not connected to server process).
[Package Manager] Cannot connect to Unity Package Manager local server
ScheduleIndexationOnStartup MainProcess:False IndexOnStartup:True
Mono: successfully reloaded assembly
- Finished resetting the current domain, in  0.644 seconds
Domain Reload Profiling: 1332ms
	BeginReloadAssembly (102ms)
		ExecutionOrderSort (0ms)
		DisableScriptedObjects (3ms)
		BackupInstance (0ms)
		ReleaseScriptingObjects (0ms)
		CreateAndSetChildDomain (25ms)
	RebuildCommonClasses (30ms)
	RebuildNativeTypeToScriptingClass (11ms)
	initialDomainReloadingComplete (25ms)
	LoadAllAssembliesAndSetupDomain (519ms)
		LoadAssemblies (316ms)
		RebuildTransferFunctionScriptingTraits (0ms)
		AnalyzeDomain (245ms)
			TypeCache.Refresh (176ms)
				TypeCache.ScanAssembly (158ms)
			BuildScriptInfoCaches (57ms)
			ResolveRequiredComponents (9ms)
	FinalizeReload (644ms)
		ReleaseScriptCaches (0ms)
		RebuildScriptCaches (0ms)
		SetupLoadedEditorAssemblies (524ms)
			LogAssemblyErrors (0ms)
			InitializePlatformSupportModulesInManaged (1ms)
			SetLoadedEditorAssemblies (4ms)
			BeforeProcessingInitializeOnLoad (104ms)
			ProcessInitializeOnLoadAttributes (301ms)
			ProcessInitializeOnLoadMethodAttributes (112ms)
			AfterProcessingInitializeOnLoad (1ms)
			EditorAssembliesLoaded (0ms)
		ExecutionOrderSort2 (0ms)
		AwakeInstancesAfterBackupRestoration (2ms)
WARNING: Shader Unsupported: 'Universal Render Pipeline/VR/SpatialMapping/Wireframe' - All subshaders removed
WARNING: Shader Did you use #pragma only_renderers and omit this platform?
WARNING: Shader If subshaders removal was intentional, you may have forgotten turning Fallback off?
WARNING: Shader Unsupported: 'Universal Render Pipeline/VR/SpatialMapping/Wireframe' - All subshaders removed
WARNING: Shader Did you use #pragma only_renderers and omit this platform?
WARNING: Shader If subshaders removal was intentional, you may have forgotten turning Fallback off?
Launching external process: /Applications/Unity/Hub/Editor/6000.3.15f1/Unity.app/Contents/Helpers/UnityShaderCompiler
Launched and connected shader compiler UnityShaderCompiler after 0.05 seconds
Refreshing native plugins compatible for Editor in 3.89 ms, found 5 plugins.
Preloading 0 native plugins for Editor in 0.00 ms.
Unloading 18 Unused Serialized files (Serialized files now loaded: 0)
Unloading 7737 unused Assets / (4.3 MB). Loaded Objects now: 8475.
Memory consumption went from 150.6 MB to 146.3 MB.
Total: 8.248958 ms (FindLiveObjects: 0.446458 ms CreateObjectMapping: 0.269041 ms MarkObjects: 5.570084 ms  DeleteObjects: 1.963083 ms)

========================================================================
Received Import Request.
  Time since last request: 174885.833318 seconds.
  path: Assets/Plugins/FMOD/images/FMODLogoWhite.png
  artifactKey: Guid(8fd8ccb8d7e81d943b28ea7975c7185d) Importer(2089858483,b0f066a214c2f5e87bad3c948f4d605d)
Start importing Assets/Plugins/FMOD/images/FMODLogoWhite.png using Guid(8fd8ccb8d7e81d943b28ea7975c7185d) Importer(2089858483,b0f066a214c2f5e87bad3c948f4d605d) (ScriptedImporter) -> (artifact id: 'e9930b114f36de7e17e0dcc4d98bea91') in 0.074644708 seconds
Number of updated asset objects reloaded before import = 0Number of asset objects unloaded after import = 1

========================================================================
Received Import Request.
  Time since last request: 0.000075 seconds.
  path: Assets/Plugins/FMOD/images/ContinuousParameterIcon.png
  artifactKey: Guid(b92803770616fc747bc3c40ffaec0a42) Importer(2089858483,b0f066a214c2f5e87bad3c948f4d605d)
Start importing Assets/Plugins/FMOD/images/ContinuousParameterIcon.png using Guid(b92803770616fc747bc3c40ffaec0a42) Importer(2089858483,b0f066a214c2f5e87bad3c948f4d605d) (ScriptedImporter) -> (artifact id: '77d8437ec544e88e1cf20f5ac4180730') in 0.00634225 seconds
Number of updated asset objects reloaded before import = 0Number of asset objects unloaded after import = 1

========================================================================
Received Import Request.
  Time since last request: 0.000050 seconds.
  path: Assets/Plugins/FMOD/images/PreviewEmitter.png
  artifactKey: Guid(9519043db3741934fa01455c47683e8c) Importer(2089858483,b0f066a214c2f5e87bad3c948f4d605d)
Start importing Assets/Plugins/FMOD/images/PreviewEmitter.png using Guid(9519043db3741934fa01455c47683e8c) Importer(2089858483,b0f066a214c2f5e87bad3c948f4d605d) (ScriptedImporter) -> (artifact id: '6117e05f54e3f4b36a96dc956a6d0e36') in 0.005140708 seconds
Number of updated asset objects reloaded before import = 0Number of asset objects unloaded after import = 1

========================================================================
Received Import Request.
  Time since last request: 0.000053 seconds.
  path: Assets/Plugins/FMOD/src/ParamRef.cs
  artifactKey: Guid(00e1a9817a5d9844796d7c313b1ab197) Importer(2089858483,b0f066a214c2f5e87bad3c948f4d605d)
Start importing Assets/Plugins/FMOD/src/ParamRef.cs using Guid(00e1a9817a5d9844796d7c313b1ab197) Importer(2089858483,b0f066a214c2f5e87bad3c948f4d605d) (ScriptedImporter) -> (artifact id: 'e22b06d041e8f13ea10b991a87e57794') in 0.008018833 seconds
Number of updated asset objects reloaded before import = 0Number of asset objects unloaded after import = 0

========================================================================
Received Import Request.
  Time since last request: 0.000052 seconds.
  path: Assets/Roguelike2D/TutorialAssets/Audio/enemy1.aif
  artifactKey: Guid(0db8cac2749584a009540aa5671ee80d) Importer(2089858483,b0f066a214c2f5e87bad3c948f4d605d)
Start importing Assets/Roguelike2D/TutorialAssets/Audio/enemy1.aif using Guid(0db8cac2749584a009540aa5671ee80d) Importer(2089858483,b0f066a214c2f5e87bad3c948f4d605d) (ScriptedImporter) -> (artifact id: 'e3af4bbbac320bb1a0bfc7f5ffdc7a26') in 0.015237875 seconds
Number of updated asset objects reloaded before import = 0Number of asset objects unloaded after import = 1

========================================================================
Received Import Request.
  Time since last request: 0.000053 seconds.
  path: Assets/Plugins/FMOD/images/Wrench.png
  artifactKey: Guid(507cd805ad331e54cb9e9cab5a9270b5) Importer(2089858483,b0f066a214c2f5e87bad3c948f4d605d)
Start importing Assets/Plugins/FMOD/images/Wrench.png using Guid(507cd805ad331e54cb9e9cab5a9270b5) Importer(2089858483,b0f066a214c2f5e87bad3c948f4d605d) (ScriptedImporter) -> (artifact id: 'a2efad96ddcc2bbba6ce911ceee14eba') in 0.005040625 seconds
Number of updated asset objects reloaded before import = 0Number of asset objects unloaded after import = 1

========================================================================
Received Import Request.
  Time since last request: 0.000057 seconds.
  path: Assets/Plugins/FMOD/src/fmod.cs
  artifactKey: Guid(bd0d0c955caff8940ac1667ee36dd4c9) Importer(2089858483,b0f066a214c2f5e87bad3c948f4d605d)
Start importing Assets/Plugins/FMOD/src/fmod.cs using Guid(bd0d0c955caff8940ac1667ee36dd4c9) Importer(2089858483,b0f066a214c2f5e87bad3c948f4d605d) (ScriptedImporter) -> (artifact id: '055a521b203acadd7bf7007a871131d2') in 0.00189825 seconds
Number of updated asset objects reloaded before import = 0Number of asset objects unloaded after import = 0

========================================================================
Received Import Request.
  Time since last request: 0.000049 seconds.
  path: Assets/Plugins/FMOD/images/FolderIconClosed.png
  artifactKey: Guid(70efeb6d97126f843b30b8ed62d18a4f) Importer(2089858483,b0f066a214c2f5e87bad3c948f4d605d)
Start importing Assets/Plugins/FMOD/images/FolderIconClosed.png using Guid(70efeb6d97126f843b30b8ed62d18a4f) Importer(2089858483,b0f066a214c2f5e87bad3c948f4d605d) (ScriptedImporter) -> (artifact id: '08b0b97e458268d074018adc37d35629') in 0.00624325 seconds
Number of updated asset objects reloaded before import = 0Number of asset objects unloaded after import = 1

========================================================================
Received Import Request.
  Time since last request: 0.000060 seconds.
  path: Assets/Plugins/FMOD/src/StudioEventEmitter.cs
  artifactKey: Guid(9a6610d2e704f1648819acc8d7460285) Importer(2089858483,b0f066a214c2f5e87bad3c948f4d605d)
Start importing Assets/Plugins/FMOD/src/StudioEventEmitter.cs using Guid(9a6610d2e704f1648819acc8d7460285) Importer(2089858483,b0f066a214c2f5e87bad3c948f4d605d) (ScriptedImporter) -> (artifact id: '332271db7400cbc91a3b00c631e977bc') in 0.002392958 seconds
Number of updated asset objects reloaded before import = 0Number of asset objects unloaded after import = 0

========================================================================
Received Import Request.
  Time since last request: 0.000038 seconds.
  path: Assets/Roguelike2D/TutorialAssets/Audio/fruit1.aif
  artifactKey: Guid(1cb61f83d60374c7389bb547431919e3) Importer(2089858483,b0f066a214c2f5e87bad3c948f4d605d)
Start importing Assets/Roguelike2D/TutorialAssets/Audio/fruit1.aif using Guid(1cb61f83d60374c7389bb547431919e3) Importer(2089858483,b0f066a214c2f5e87bad3c948f4d605d) (ScriptedImporter) -> (artifact id: 'acafccdbf60e14e9d13160c9f8dc14e9') in 0.00856 seconds
Number of updated asset objects reloaded before import = 0Number of asset objects unloaded after import = 1

========================================================================
Received Import Request.
  Time since last request: 0.000071 seconds.
  path: Assets/Roguelike2D/TutorialAssets/Audio/soda2.aif
  artifactKey: Guid(bcb9dda73ee914d3e8f252895f73f461) Importer(2089858483,b0f066a214c2f5e87bad3c948f4d605d)
Start importing Assets/Roguelike2D/TutorialAssets/Audio/soda2.aif using Guid(bcb9dda73ee914d3e8f252895f73f461) Importer(2089858483,b0f066a214c2f5e87bad3c948f4d605d) (ScriptedImporter) -> (artifact id: 'ef2798efaa7b94dd482bd5160d7281b3') in 0.014975417 seconds
Number of updated asset objects reloaded before import = 0Number of asset objects unloaded after import = 1

========================================================================
Received Import Request.
  Time since last request: 0.000043 seconds.
  path: Assets/Roguelike2D/TutorialAssets/Sprites/SandTheme.png
  artifactKey: Guid(2315cc0495cb2054ea5dd392c1cff51e) Importer(2089858483,b0f066a214c2f5e87bad3c948f4d605d)
Start importing Assets/Roguelike2D/TutorialAssets/Sprites/SandTheme.png using Guid(2315cc0495cb2054ea5dd392c1cff51e) Importer(2089858483,b0f066a214c2f5e87bad3c948f4d605d) (ScriptedImporter) -> (artifact id: 'a9e0b13c9d6ced6c1b09041277db10d8') in 0.038203875 seconds
Number of updated asset objects reloaded before import = 0Number of asset objects unloaded after import = 58

========================================================================
Received Import Request.
  Time since last request: 0.000070 seconds.
  path: Assets/Plugins/FMOD/src/FMODEventTrack.cs
  artifactKey: Guid(133253f56854570409c222a87786b263) Importer(2089858483,b0f066a214c2f5e87bad3c948f4d605d)
Start importing Assets/Plugins/FMOD/src/FMODEventTrack.cs using Guid(133253f56854570409c222a87786b263) Importer(2089858483,b0f066a214c2f5e87bad3c948f4d605d) (ScriptedImporter) -> (artifact id: 'c77778b533244312723c149aeafa6b6f') in 0.003027958 seconds
Number of updated asset objects reloaded before import = 0Number of asset objects unloaded after import = 1

========================================================================
Received Import Request.
  Time since last request: 0.000052 seconds.
  path: Assets/Plugins/FMOD/src/Settings.cs
  artifactKey: Guid(eef8d824ea7b63742966aaa0e94ac383) Importer(2089858483,b0f066a214c2f5e87bad3c948f4d605d)
Start importing Assets/Plugins/FMOD/src/Settings.cs using Guid(eef8d824ea7b63742966aaa0e94ac383) Importer(2089858483,b0f066a214c2f5e87bad3c948f4d605d) (ScriptedImporter) -> (artifact id: '8d270b16076e3f75718dc31c69d7d588') in 0.001991042 seconds
Number of updated asset objects reloaded before import = 0Number of asset objects unloaded after import = 0

========================================================================
Received Import Request.
  Time since last request: 0.000053 seconds.
  path: Assets/Plugins/FMOD/src/EventReference.cs
  artifactKey: Guid(1b1e4da3fb15e7a45a8f104b7d0fd6d9) Importer(2089858483,b0f066a214c2f5e87bad3c948f4d605d)
Start importing Assets/Plugins/FMOD/src/EventReference.cs using Guid(1b1e4da3fb15e7a45a8f104b7d0fd6d9) Importer(2089858483,b0f066a214c2f5e87bad3c948f4d605d) (ScriptedImporter) -> (artifact id: '195cc4d7b7dc880024a01d0d45677ee0') in 0.002067875 seconds
Number of updated asset objects reloaded before import = 0Number of asset objects unloaded after import = 0

========================================================================
Received Import Request.
  Time since last request: 0.000047 seconds.
  path: Assets/Plugins/FMOD/src/StudioGlobalParameterTrigger.cs
  artifactKey: Guid(9b0e04e2572f9a940a47465f6f3c2f00) Importer(2089858483,b0f066a214c2f5e87bad3c948f4d605d)
Start importing Assets/Plugins/FMOD/src/StudioGlobalParameterTrigger.cs using Guid(9b0e04e2572f9a940a47465f6f3c2f00) Importer(2089858483,b0f066a214c2f5e87bad3c948f4d605d) (ScriptedImporter) -> (artifact id: 'afb5340e995c2c883d1c347111aecc96') in 0.002016709 seconds
Number of updated asset objects reloaded before import = 0Number of asset objects unloaded after import = 0

========================================================================
Received Import Request.
  Time since last request: 0.000043 seconds.
  path: Assets/Roguelike2D/TutorialAssets/Audio/chop1.aif
  artifactKey: Guid(4c2332bc8245b474dad63074059bb755) Importer(2089858483,b0f066a214c2f5e87bad3c948f4d605d)
Start importing Assets/Roguelike2D/TutorialAssets/Audio/chop1.aif using Guid(4c2332bc8245b474dad63074059bb755) Importer(2089858483,b0f066a214c2f5e87bad3c948f4d605d) (ScriptedImporter) -> (artifact id: '22d70a535825e9f1704cb6af88e96b6f') in 0.015121333 seconds
Number of updated asset objects reloaded before import = 0Number of asset objects unloaded after import = 1

========================================================================
Received Import Request.
  Time since last request: 0.000052 seconds.
  path: Assets/Roguelike2D/ExtendedVersion/Scripts/PlayerController.cs
  artifactKey: Guid(b7ca503e64b84438797d3c9bb4126007) Importer(2089858483,b0f066a214c2f5e87bad3c948f4d605d)
Start importing Assets/Roguelike2D/ExtendedVersion/Scripts/PlayerController.cs using Guid(b7ca503e64b84438797d3c9bb4126007) Importer(2089858483,b0f066a214c2f5e87bad3c948f4d605d) (ScriptedImporter) -> (artifact id: '9c801f3789cd526a5c5156b913e33ee5') in 0.002126916 seconds
Number of updated asset objects reloaded before import = 0Number of asset objects unloaded after import = 0

========================================================================
Received Import Request.
  Time since last request: 0.000100 seconds.
  path: Assets/Plugins/FMOD/images/LevelMeterOff.png
  artifactKey: Guid(48dc5470d93f669419f294fcd33f7b7c) Importer(2089858483,b0f066a214c2f5e87bad3c948f4d605d)
Start importing Assets/Plugins/FMOD/images/LevelMeterOff.png using Guid(48dc5470d93f669419f294fcd33f7b7c) Importer(2089858483,b0f066a214c2f5e87bad3c948f4d605d) (ScriptedImporter) -> (artifact id: '147d6e9ed592e892707adeda386cb841') in 0.005870042 seconds
Number of updated asset objects reloaded before import = 0Number of asset objects unloaded after import = 1

========================================================================
Received Import Request.
  Time since last request: 0.000062 seconds.
  path: Assets/Roguelike2D/TutorialAssets/Audio/footstep2.aif
  artifactKey: Guid(a826bc3d758db43d6ae9caf415b63d1d) Importer(2089858483,b0f066a214c2f5e87bad3c948f4d605d)
Start importing Assets/Roguelike2D/TutorialAssets/Audio/footstep2.aif using Guid(a826bc3d758db43d6ae9caf415b63d1d) Importer(2089858483,b0f066a214c2f5e87bad3c948f4d605d) (ScriptedImporter) -> (artifact id: 'be36ec97dd1440c117b1d5f3aee9cdcc') in 0.008488959 seconds
Number of updated asset objects reloaded before import = 0Number of asset objects unloaded after import = 1

========================================================================
Received Import Request.
  Time since last request: 0.000040 seconds.
  path: Assets/Roguelike2D/TutorialVersion/Prefab/Wall.prefab
  artifactKey: Guid(64090ada82d8b2d4cb229d89eca7746b) Importer(2089858483,b0f066a214c2f5e87bad3c948f4d605d)
Start importing Assets/Roguelike2D/TutorialVersion/Prefab/Wall.prefab using Guid(64090ada82d8b2d4cb229d89eca7746b) Importer(2089858483,b0f066a214c2f5e87bad3c948f4d605d) (ScriptedImporter) -> (artifact id: 'f53bcfe9b960e23180405d52ddf6c9fb') in 0.016457833 seconds
Number of updated asset objects reloaded before import = 0Number of asset objects unloaded after import = 9

========================================================================
Received Import Request.
  Time since last request: 0.000055 seconds.
  path: Assets/Plugins/FMOD/src/Platform.cs
  artifactKey: Guid(e7df340ba8041134888b271ea2124fcd) Importer(2089858483,b0f066a214c2f5e87bad3c948f4d605d)
Start importing Assets/Plugins/FMOD/src/Platform.cs using Guid(e7df340ba8041134888b271ea2124fcd) Importer(2089858483,b0f066a214c2f5e87bad3c948f4d605d) (ScriptedImporter) -> (artifact id: '1d73ca0592f2fa68efc7a064b9c05470') in 0.003106416 seconds
Number of updated asset objects reloaded before import = 0Number of asset objects unloaded after import = 0

========================================================================
Received Import Request.
  Time since last request: 0.000059 seconds.
  path: Assets/Plugins/FMOD/src/FMODRuntimeManagerOnGUIHelper.cs
  artifactKey: Guid(4417faacebce0de4fbde25ec23055cf4) Importer(2089858483,b0f066a214c2f5e87bad3c948f4d605d)
Start importing Assets/Plugins/FMOD/src/FMODRuntimeManagerOnGUIHelper.cs using Guid(4417faacebce0de4fbde25ec23055cf4) Importer(2089858483,b0f066a214c2f5e87bad3c948f4d605d) (ScriptedImporter) -> (artifact id: 'a4ac1cb22607fce53a260556a8bf813b') in 0.002514291 seconds
Number of updated asset objects reloaded before import = 0Number of asset objects unloaded after import = 0

========================================================================
Received Import Request.
  Time since last request: 0.000056 seconds.
  path: Assets/Plugins/FMOD/src/EventHandler.cs
  artifactKey: Guid(a28d1e1a42561ed4f8d44293dab99079) Importer(2089858483,b0f066a214c2f5e87bad3c948f4d605d)
Start importing Assets/Plugins/FMOD/src/EventHandler.cs using Guid(a28d1e1a42561ed4f8d44293dab99079) Importer(2089858483,b0f066a214c2f5e87bad3c948f4d605d) (ScriptedImporter) -> (artifact id: '5d60144445ea15ed661cf057b3568048') in 0.002216375 seconds
Number of updated asset objects reloaded before import = 0Number of asset objects unloaded after import = 0

========================================================================
Received Import Request.
  Time since last request: 0.000046 seconds.
  path: Assets/Plugins/FMOD/src/fmod_dsp.cs
  artifactKey: Guid(b7b10c26cf550794183b926ffae615a7) Importer(2089858483,b0f066a214c2f5e87bad3c948f4d605d)
Start importing Assets/Plugins/FMOD/src/fmod_dsp.cs using Guid(b7b10c26cf550794183b926ffae615a7) Importer(2089858483,b0f066a214c2f5e87bad3c948f4d605d) (ScriptedImporter) -> (artifact id: 'f12d8eeaa0b0defc4c481188b6a3980d') in 0.001743292 seconds
Number of updated asset objects reloaded before import = 0Number of asset objects unloaded after import = 0

========================================================================
Received Import Request.
  Time since last request: 0.000059 seconds.
  path: Assets/Roguelike2D/TutorialAssets/Audio/music.aif
  artifactKey: Guid(2d75080d0851d4613ada1117d91ee417) Importer(2089858483,b0f066a214c2f5e87bad3c948f4d605d)
Start importing Assets/Roguelike2D/TutorialAssets/Audio/music.aif using Guid(2d75080d0851d4613ada1117d91ee417) Importer(2089858483,b0f066a214c2f5e87bad3c948f4d605d) (ScriptedImporter) -> (artifact id: '1c7363cf1c4b2cb75b7676e0ba6de81f') in 0.014566417 seconds
Number of updated asset objects reloaded before import = 0Number of asset objects unloaded after import = 1

========================================================================
Received Import Request.
  Time since last request: 0.000056 seconds.
  path: Assets/Roguelike2D/TutorialVersion/Animations/TutorialPlayer.controller
  artifactKey: Guid(500799f1ffd4d4743836b731e5b127d5) Importer(2089858483,b0f066a214c2f5e87bad3c948f4d605d)
Start importing Assets/Roguelike2D/TutorialVersion/Animations/TutorialPlayer.controller using Guid(500799f1ffd4d4743836b731e5b127d5) Importer(2089858483,b0f066a214c2f5e87bad3c948f4d605d) (ScriptedImporter) -> (artifact id: 'f58cbf2e8a95936537782263fcf66739') in 0.004462333 seconds
Number of updated asset objects reloaded before import = 0Number of asset objects unloaded after import = 12

========================================================================
Received Import Request.
  Time since last request: 0.000044 seconds.
  path: Assets/Roguelike2D/TutorialVersion/Prefab/ExitCell.prefab
  artifactKey: Guid(04b93d251eb731b44be155cff2839c52) Importer(2089858483,b0f066a214c2f5e87bad3c948f4d605d)
Start importing Assets/Roguelike2D/TutorialVersion/Prefab/ExitCell.prefab using Guid(04b93d251eb731b44be155cff2839c52) Importer(2089858483,b0f066a214c2f5e87bad3c948f4d605d) (ScriptedImporter) -> (artifact id: 'b4e680670de0cc1095205e8479fd2f90') in 0.0040775 seconds
Number of updated asset objects reloaded before import = 0Number of asset objects unloaded after import = 7

========================================================================
Received Import Request.
  Time since last request: 0.000068 seconds.
  path: Assets/Roguelike2D/TutorialVersion/Scripts/ExitCellObject.cs
  artifactKey: Guid(e0ca558ae47c631499ef4720f3041741) Importer(2089858483,b0f066a214c2f5e87bad3c948f4d605d)
Start importing Assets/Roguelike2D/TutorialVersion/Scripts/ExitCellObject.cs using Guid(e0ca558ae47c631499ef4720f3041741) Importer(2089858483,b0f066a214c2f5e87bad3c948f4d605d) (ScriptedImporter) -> (artifact id: 'a2964dfe1d65f69d839c37e2fa625ab3') in 0.002029417 seconds
Number of updated asset objects reloaded before import = 0Number of asset objects unloaded after import = 0

========================================================================
Received Import Request.
  Time since last request: 0.000038 seconds.
  path: Assets/Plugins/FMOD/src/Editor/EventCache.cs
  artifactKey: Guid(d32cf7c32a3ed8347bac48ef5ed56d82) Importer(2089858483,b0f066a214c2f5e87bad3c948f4d605d)
Start importing Assets/Plugins/FMOD/src/Editor/EventCache.cs using Guid(d32cf7c32a3ed8347bac48ef5ed56d82) Importer(2089858483,b0f066a214c2f5e87bad3c948f4d605d) (ScriptedImporter) -> (artifact id: '0514688a95ec6ae2f91bfff3f55280bc') in 0.002400042 seconds
Number of updated asset objects reloaded before import = 0Number of asset objects unloaded after import = 0

========================================================================
Received Import Request.
  Time since last request: 0.000088 seconds.
  path: Assets/Roguelike2D/TutorialVersion/Scripts/WallObject.cs
  artifactKey: Guid(371252303dda0af45ab2da1feb0cb137) Importer(2089858483,b0f066a214c2f5e87bad3c948f4d605d)
Start importing Assets/Roguelike2D/TutorialVersion/Scripts/WallObject.cs using Guid(371252303dda0af45ab2da1feb0cb137) Importer(2089858483,b0f066a214c2f5e87bad3c948f4d605d) (ScriptedImporter) -> (artifact id: '354ef9d5c46cb86e8b7d9503bee1ed2c') in 0.00218425 seconds
Number of updated asset objects reloaded before import = 0Number of asset objects unloaded after import = 0

========================================================================
Received Import Request.
  Time since last request: 0.000056 seconds.
  path: Assets/Plugins/FMOD/src/Editor/BankRefDrawer.cs
  artifactKey: Guid(49ebe6fea5e4bfc4bb492bba062b2afe) Importer(2089858483,b0f066a214c2f5e87bad3c948f4d605d)
Start importing Assets/Plugins/FMOD/src/Editor/BankRefDrawer.cs using Guid(49ebe6fea5e4bfc4bb492bba062b2afe) Importer(2089858483,b0f066a214c2f5e87bad3c948f4d605d) (ScriptedImporter) -> (artifact id: '5cd686c16893656b19cf376acf7ae4fa') in 0.0021765 seconds
Number of updated asset objects reloaded before import = 0Number of asset objects unloaded after import = 0

========================================================================
Received Import Request.
  Time since last request: 0.000048 seconds.
  path: Assets/Plugins/FMOD/src/Editor/FMODEventTrackEditor.cs
  artifactKey: Guid(31e1c5e7d70e58f45ae86764f7c3ec2f) Importer(2089858483,b0f066a214c2f5e87bad3c948f4d605d)
Start importing Assets/Plugins/FMOD/src/Editor/FMODEventTrackEditor.cs using Guid(31e1c5e7d70e58f45ae86764f7c3ec2f) Importer(2089858483,b0f066a214c2f5e87bad3c948f4d605d) (ScriptedImporter) -> (artifact id: '14bde1220326269c643229a52a5d366f') in 0.001929375 seconds
Number of updated asset objects reloaded before import = 0Number of asset objects unloaded after import = 0

========================================================================
Received Import Request.
  Time since last request: 0.000067 seconds.
  path: Assets/Plugins/FMOD/src/Editor/BankRefreshWindow.cs
  artifactKey: Guid(40a1ca322d08d704eacd449863718b31) Importer(2089858483,b0f066a214c2f5e87bad3c948f4d605d)
Start importing Assets/Plugins/FMOD/src/Editor/BankRefreshWindow.cs using Guid(40a1ca322d08d704eacd449863718b31) Importer(2089858483,b0f066a214c2f5e87bad3c948f4d605d) (ScriptedImporter) -> (artifact id: 'd7193dd5e8572c0259134dbdcd59bc15') in 0.001792166 seconds
Number of updated asset objects reloaded before import = 0Number of asset objects unloaded after import = 0

========================================================================
Received Import Request.
  Time since last request: 0.000053 seconds.
  path: Assets/Plugins/FMOD/src/Editor/FindAndReplace.cs
  artifactKey: Guid(a3d0ed60438564241a4e62b152836893) Importer(2089858483,b0f066a214c2f5e87bad3c948f4d605d)
Start importing Assets/Plugins/FMOD/src/Editor/FindAndReplace.cs using Guid(a3d0ed60438564241a4e62b152836893) Importer(2089858483,b0f066a214c2f5e87bad3c948f4d605d) (ScriptedImporter) -> (artifact id: '428f75a0c724bd36fa584ff7a6326fa4') in 0.002358958 seconds
Number of updated asset objects reloaded before import = 0Number of asset objects unloaded after import = 0

========================================================================
Received Import Request.
  Time since last request: 0.000050 seconds.
  path: Assets/Plugins/FMOD/src/Editor/EditorBankRef.cs
  artifactKey: Guid(c18180ecb35941f4682ae60107b85b7c) Importer(2089858483,b0f066a214c2f5e87bad3c948f4d605d)
Start importing Assets/Plugins/FMOD/src/Editor/EditorBankRef.cs using Guid(c18180ecb35941f4682ae60107b85b7c) Importer(2089858483,b0f066a214c2f5e87bad3c948f4d605d) (ScriptedImporter) -> (artifact id: '87f1d8092dae2ae4ae168f0b16213a22') in 0.002163334 seconds
Number of updated asset objects reloaded before import = 0Number of asset objects unloaded after import = 0

========================================================================
Received Import Request.
  Time since last request: 0.000077 seconds.
  path: Assets/Roguelike2D/TutorialVersion/Scenes/TutorialMain.unity
  artifactKey: Guid(079aff65a947e014ea782f6892d60664) Importer(2089858483,b0f066a214c2f5e87bad3c948f4d605d)
Start importing Assets/Roguelike2D/TutorialVersion/Scenes/TutorialMain.unity using Guid(079aff65a947e014ea782f6892d60664) Importer(2089858483,b0f066a214c2f5e87bad3c948f4d605d) (ScriptedImporter) -> (artifact id: 'af8e3ed9a949cce68697788f1a03f8db') in 0.003637834 seconds
Number of updated asset objects reloaded before import = 0Number of asset objects unloaded after import = 1

========================================================================
Received Import Request.
  Time since last request: 0.000065 seconds.
  path: Assets/Plugins/FMOD/src/Editor/EditorSettings.cs
  artifactKey: Guid(3c9e3e2137498d343a2e31906a12dec2) Importer(2089858483,b0f066a214c2f5e87bad3c948f4d605d)
Start importing Assets/Plugins/FMOD/src/Editor/EditorSettings.cs using Guid(3c9e3e2137498d343a2e31906a12dec2) Importer(2089858483,b0f066a214c2f5e87bad3c948f4d605d) (ScriptedImporter) -> (artifact id: 'fe7c50e59ae9fa39ec3ccd8ccebf5b82') in 0.002552708 seconds
Number of updated asset objects reloaded before import = 0Number of asset objects unloaded after import = 0

========================================================================
Received Import Request.
  Time since last request: 0.000048 seconds.
  path: Assets/Plugins/FMOD/images/LevelMeter.png
  artifactKey: Guid(21e7a3d41a926364a8b9a6704ebe80d8) Importer(2089858483,b0f066a214c2f5e87bad3c948f4d605d)
Start importing Assets/Plugins/FMOD/images/LevelMeter.png using Guid(21e7a3d41a926364a8b9a6704ebe80d8) Importer(2089858483,b0f066a214c2f5e87bad3c948f4d605d) (ScriptedImporter) -> (artifact id: 'd9c9f250fd4a72c7fb12b9394fa73fbf') in 0.004324042 seconds
Number of updated asset objects reloaded before import = 0Number of asset objects unloaded after import = 1

========================================================================
Received Import Request.
  Time since last request: 0.000043 seconds.
  path: Assets/Plugins/FMOD/LICENSE.txt
  artifactKey: Guid(a683107664d1007459a0cd9de4d95ea3) Importer(2089858483,b0f066a214c2f5e87bad3c948f4d605d)
Start importing Assets/Plugins/FMOD/LICENSE.txt using Guid(a683107664d1007459a0cd9de4d95ea3) Importer(2089858483,b0f066a214c2f5e87bad3c948f4d605d) (ScriptedImporter) -> (artifact id: '72a584b295078458317b74372d9e8fc9') in 0.001902417 seconds
Number of updated asset objects reloaded before import = 0Number of asset objects unloaded after import = 1

========================================================================
Received Import Request.
  Time since last request: 0.000066 seconds.
  path: Assets/Roguelike2D/TutorialVersion/Scripts/Enemy.cs
  artifactKey: Guid(e0926f05809ef6247b57c47a0e17ebeb) Importer(2089858483,b0f066a214c2f5e87bad3c948f4d605d)
Start importing Assets/Roguelike2D/TutorialVersion/Scripts/Enemy.cs using Guid(e0926f05809ef6247b57c47a0e17ebeb) Importer(2089858483,b0f066a214c2f5e87bad3c948f4d605d) (ScriptedImporter) -> (artifact id: '777f1ee4bf715526aaa7ebfa8e9aa561') in 0.00193475 seconds
Number of updated asset objects reloaded before import = 0Number of asset objects unloaded after import = 0

========================================================================
Received Import Request.
  Time since last request: 0.000056 seconds.
  path: Assets/Plugins/FMOD/images/SearchIconBlack.png
  artifactKey: Guid(99471facfde9fb84dbe4a81ad570ebce) Importer(2089858483,b0f066a214c2f5e87bad3c948f4d605d)
Start importing Assets/Plugins/FMOD/images/SearchIconBlack.png using Guid(99471facfde9fb84dbe4a81ad570ebce) Importer(2089858483,b0f066a214c2f5e87bad3c948f4d605d) (ScriptedImporter) -> (artifact id: '3deda3c4aecf4657e67f767ce6ea33af') in 0.005795084 seconds
Number of updated asset objects reloaded before import = 0Number of asset objects unloaded after import = 1

========================================================================
Received Import Request.
  Time since last request: 0.000084 seconds.
  path: Assets/Plugins/FMOD/images/DiscreteParameterIcon.png
  artifactKey: Guid(509563e7079a6ed4cbf3b3240327e702) Importer(2089858483,b0f066a214c2f5e87bad3c948f4d605d)
Start importing Assets/Plugins/FMOD/images/DiscreteParameterIcon.png using Guid(509563e7079a6ed4cbf3b3240327e702) Importer(2089858483,b0f066a214c2f5e87bad3c948f4d605d) (ScriptedImporter) -> (artifact id: 'c6db0f307238651fe34dedc665bc810e') in 0.004320375 seconds
Number of updated asset objects reloaded before import = 0Number of asset objects unloaded after import = 1

========================================================================
Received Import Request.
  Time since last request: 0.000041 seconds.
  path: Assets/Plugins/FMOD/src/AutomatableSlots.cs
  artifactKey: Guid(9c13d4e62f5f7b44bb33162cbf29a9f8) Importer(2089858483,b0f066a214c2f5e87bad3c948f4d605d)
Start importing Assets/Plugins/FMOD/src/AutomatableSlots.cs using Guid(9c13d4e62f5f7b44bb33162cbf29a9f8) Importer(2089858483,b0f066a214c2f5e87bad3c948f4d605d) (ScriptedImporter) -> (artifact id: '68e099f6ac7b30424214378f38293790') in 0.001724666 seconds
Number of updated asset objects reloaded before import = 0Number of asset objects unloaded after import = 0

========================================================================
Received Import Request.
  Time since last request: 0.000039 seconds.
  path: Assets/Plugins/FMOD/src/RuntimeUtils.cs
  artifactKey: Guid(6e349601408e423499e7b9f75216091d) Importer(2089858483,b0f066a214c2f5e87bad3c948f4d605d)
Start importing Assets/Plugins/FMOD/src/RuntimeUtils.cs using Guid(6e349601408e423499e7b9f75216091d) Importer(2089858483,b0f066a214c2f5e87bad3c948f4d605d) (ScriptedImporter) -> (artifact id: 'd8638d4ccc81253486e137a3b9fd5663') in 0.002176291 seconds
Number of updated asset objects reloaded before import = 0Number of asset objects unloaded after import = 0

========================================================================
Received Import Request.
  Time since last request: 0.000048 seconds.
  path: Assets/Roguelike2D/TutorialAssets/Audio/chop2.aif
  artifactKey: Guid(f6aaac83be9e0493493aace800b76619) Importer(2089858483,b0f066a214c2f5e87bad3c948f4d605d)
Start importing Assets/Roguelike2D/TutorialAssets/Audio/chop2.aif using Guid(f6aaac83be9e0493493aace800b76619) Importer(2089858483,b0f066a214c2f5e87bad3c948f4d605d) (ScriptedImporter) -> (artifact id: '9bf7f89a6a5ec2cc2b806639cc556725') in 0.014627042 seconds
Number of updated asset objects reloaded before import = 0Number of asset objects unloaded after import = 1

========================================================================
Received Import Request.
  Time since last request: 0.000041 seconds.
  path: Assets/Roguelike2D/TutorialAssets/Sprites/UrbanTheme2.png
  artifactKey: Guid(bf28ec10b7863594a841829ceb9f7d14) Importer(2089858483,b0f066a214c2f5e87bad3c948f4d605d)
Start importing Assets/Roguelike2D/TutorialAssets/Sprites/UrbanTheme2.png using Guid(bf28ec10b7863594a841829ceb9f7d14) Importer(2089858483,b0f066a214c2f5e87bad3c948f4d605d) (ScriptedImporter) -> (artifact id: '60c6714b4a9beff02b5adf806dc19012') in 0.010218875 seconds
Number of updated asset objects reloaded before import = 0Number of asset objects unloaded after import = 10

========================================================================
Received Import Request.
  Time since last request: 0.000050 seconds.
  path: Assets/Plugins/FMOD/Resources/FMODStudioSettings.asset
  artifactKey: Guid(71965b40d14b64643850e62927df022a) Importer(2089858483,b0f066a214c2f5e87bad3c948f4d605d)
Start importing Assets/Plugins/FMOD/Resources/FMODStudioSettings.asset using Guid(71965b40d14b64643850e62927df022a) Importer(2089858483,b0f066a214c2f5e87bad3c948f4d605d) (ScriptedImporter) -> (artifact id: '99bca415214d5e193ac99629c0afb199') in 0.026987709 seconds
Number of updated asset objects reloaded before import = 0Number of asset objects unloaded after import = 13

========================================================================
Received Import Request.
  Time since last request: 0.000036 seconds.
  path: Assets/Roguelike2D/ExtendedVersion/Scripts/Data/ItemSettings.cs
  artifactKey: Guid(5080fc845d501d84c90357d1b406b046) Importer(2089858483,b0f066a214c2f5e87bad3c948f4d605d)
Start importing Assets/Roguelike2D/ExtendedVersion/Scripts/Data/ItemSettings.cs using Guid(5080fc845d501d84c90357d1b406b046) Importer(2089858483,b0f066a214c2f5e87bad3c948f4d605d) (ScriptedImporter) -> (artifact id: '9ff86da14e4dc57667699494a59ce385') in 0.001998625 seconds
Number of updated asset objects reloaded before import = 0Number of asset objects unloaded after import = 0

========================================================================
Received Import Request.
  Time since last request: 0.000114 seconds.
  path: Assets/Roguelike2D/ExtendedVersion/Scripts/Data/ReferenceDatabase.cs
  artifactKey: Guid(07832ea196934c3190ed1c22ca7ff8b1) Importer(2089858483,b0f066a214c2f5e87bad3c948f4d605d)
Start importing Assets/Roguelike2D/ExtendedVersion/Scripts/Data/ReferenceDatabase.cs using Guid(07832ea196934c3190ed1c22ca7ff8b1) Importer(2089858483,b0f066a214c2f5e87bad3c948f4d605d) (ScriptedImporter) -> (artifact id: '95f9946319c28c6c7c4aaafa90c6f923') in 0.002035916 seconds
Number of updated asset objects reloaded before import = 0Number of asset objects unloaded after import = 0

========================================================================
Received Import Request.
  Time since last request: 0.000074 seconds.
  path: Assets/Roguelike2D/ExtendedVersion/Themes/Sand/SandTheme.asset
  artifactKey: Guid(61ed49e1faa22184297b93d85acea32f) Importer(2089858483,b0f066a214c2f5e87bad3c948f4d605d)
Start importing Assets/Roguelike2D/ExtendedVersion/Themes/Sand/SandTheme.asset using Guid(61ed49e1faa22184297b93d85acea32f) Importer(2089858483,b0f066a214c2f5e87bad3c948f4d605d) (ScriptedImporter) -> (artifact id: 'ca96edd4162d40a17041226efb6b8325') in 0.016910875 seconds
Number of updated asset objects reloaded before import = 0Number of asset objects unloaded after import = 69

========================================================================
Received Import Request.
  Time since last request: 0.000050 seconds.
  path: Assets/Roguelike2D/ExtendedVersion/Themes/Snow/SnowWorldSettings.asset
  artifactKey: Guid(7509137f718be004f93a50a77b7b65ac) Importer(2089858483,b0f066a214c2f5e87bad3c948f4d605d)
Start importing Assets/Roguelike2D/ExtendedVersion/Themes/Snow/SnowWorldSettings.asset using Guid(7509137f718be004f93a50a77b7b65ac) Importer(2089858483,b0f066a214c2f5e87bad3c948f4d605d) (ScriptedImporter) -> (artifact id: '31b4e2ceb96e3f0bbc79007f12f6a5a8') in 0.011651875 seconds
Number of updated asset objects reloaded before import = 0Number of asset objects unloaded after import = 86

========================================================================
Received Import Request.
  Time since last request: 0.000042 seconds.
  path: Assets/Plugins/FMOD/src/Editor/SetupWizard.cs
  artifactKey: Guid(aa9a0c70fef01fb43b8eff668bfa0e9c) Importer(2089858483,b0f066a214c2f5e87bad3c948f4d605d)
Start importing Assets/Plugins/FMOD/src/Editor/SetupWizard.cs using Guid(aa9a0c70fef01fb43b8eff668bfa0e9c) Importer(2089858483,b0f066a214c2f5e87bad3c948f4d605d) (ScriptedImporter) -> (artifact id: '4d0bc762d05b2b9db723dfc165ce060d') in 0.00314225 seconds
Number of updated asset objects reloaded before import = 0Number of asset objects unloaded after import = 0

========================================================================
Received Import Request.
  Time since last request: 0.000041 seconds.
  path: Assets/Roguelike2D/ExtendedVersion/Scripts/CellObjects/CellObject.cs
  artifactKey: Guid(b591b97840fd8be45a9c8e82baf6c458) Importer(2089858483,b0f066a214c2f5e87bad3c948f4d605d)
Start importing Assets/Roguelike2D/ExtendedVersion/Scripts/CellObjects/CellObject.cs using Guid(b591b97840fd8be45a9c8e82baf6c458) Importer(2089858483,b0f066a214c2f5e87bad3c948f4d605d) (ScriptedImporter) -> (artifact id: '253093c852e6ee91e5e70021c35209c8') in 0.00263325 seconds
Number of updated asset objects reloaded before import = 0Number of asset objects unloaded after import = 0

========================================================================
Received Import Request.
  Time since last request: 0.000051 seconds.
  path: Assets/Roguelike2D/ExtendedVersion/Scripts/Helpers/CrossSceneDataStore.cs
  artifactKey: Guid(353abd4af3530f74b9d5e628813f0e40) Importer(2089858483,b0f066a214c2f5e87bad3c948f4d605d)
Start importing Assets/Roguelike2D/ExtendedVersion/Scripts/Helpers/CrossSceneDataStore.cs using Guid(353abd4af3530f74b9d5e628813f0e40) Importer(2089858483,b0f066a214c2f5e87bad3c948f4d605d) (ScriptedImporter) -> (artifact id: '862f7d718afbeb7e5c3af826c7af90e6') in 0.001981375 seconds
Number of updated asset objects reloaded before import = 0Number of asset objects unloaded after import = 0

========================================================================
Received Import Request.
  Time since last request: 0.000046 seconds.
  path: Assets/Plugins/FMOD/src/Editor/StudioGlobalParameterTriggerEditor.cs
  artifactKey: Guid(0a901681b5558f247b4c227fb425c010) Importer(2089858483,b0f066a214c2f5e87bad3c948f4d605d)
Start importing Assets/Plugins/FMOD/src/Editor/StudioGlobalParameterTriggerEditor.cs using Guid(0a901681b5558f247b4c227fb425c010) Importer(2089858483,b0f066a214c2f5e87bad3c948f4d605d) (ScriptedImporter) -> (artifact id: 'fd51d30a68b092052f8ea945b11156ce') in 0.001747708 seconds
Number of updated asset objects reloaded before import = 0Number of asset objects unloaded after import = 0

========================================================================
Received Import Request.
  Time since last request: 0.000045 seconds.
  path: Assets/Roguelike2D/ExtendedVersion/Themes/Snow/SnowLevelItems.asset
  artifactKey: Guid(4ef024abe2d63ca4c9385417a2eed30a) Importer(2089858483,b0f066a214c2f5e87bad3c948f4d605d)
Start importing Assets/Roguelike2D/ExtendedVersion/Themes/Snow/SnowLevelItems.asset using Guid(4ef024abe2d63ca4c9385417a2eed30a) Importer(2089858483,b0f066a214c2f5e87bad3c948f4d605d) (ScriptedImporter) -> (artifact id: 'fa49ae7224febd3cea62ef91fdbceb3f') in 0.003259375 seconds
Number of updated asset objects reloaded before import = 0Number of asset objects unloaded after import = 16

========================================================================
Received Import Request.
  Time since last request: 0.000044 seconds.
  path: Assets/Roguelike2D/ExtendedVersion/Themes/Urban/UrbanLevelEnemies.asset
  artifactKey: Guid(fd635f054fb442b4597120b2aa8c01be) Importer(2089858483,b0f066a214c2f5e87bad3c948f4d605d)
Start importing Assets/Roguelike2D/ExtendedVersion/Themes/Urban/UrbanLevelEnemies.asset using Guid(fd635f054fb442b4597120b2aa8c01be) Importer(2089858483,b0f066a214c2f5e87bad3c948f4d605d) (ScriptedImporter) -> (artifact id: 'c0676a392112abcfc3e744ae2320b16e') in 0.004187333 seconds
Number of updated asset objects reloaded before import = 0Number of asset objects unloaded after import = 20

========================================================================
Received Import Request.
  Time since last request: 0.000039 seconds.
  path: Assets/Roguelike2D/ExtendedVersion/Scripts/CellObjects/WallDesertCactus.cs
  artifactKey: Guid(c7210793d5e7a402fa86ac7ec4dd58af) Importer(2089858483,b0f066a214c2f5e87bad3c948f4d605d)
Start importing Assets/Roguelike2D/ExtendedVersion/Scripts/CellObjects/WallDesertCactus.cs using Guid(c7210793d5e7a402fa86ac7ec4dd58af) Importer(2089858483,b0f066a214c2f5e87bad3c948f4d605d) (ScriptedImporter) -> (artifact id: 'b4be7f47c708095135a996901342d572') in 0.001946 seconds
Number of updated asset objects reloaded before import = 0Number of asset objects unloaded after import = 0

========================================================================
Received Import Request.
  Time since last request: 0.000054 seconds.
  path: Assets/Plugins/FMOD/images/TransportStopButtonOff.png
  artifactKey: Guid(cafa069c15865d543a07375373f0a18e) Importer(2089858483,b0f066a214c2f5e87bad3c948f4d605d)
Start importing Assets/Plugins/FMOD/images/TransportStopButtonOff.png using Guid(cafa069c15865d543a07375373f0a18e) Importer(2089858483,b0f066a214c2f5e87bad3c948f4d605d) (ScriptedImporter) -> (artifact id: 'f70ac313e1d0fddc4c311ab2f49e7aea') in 0.0043755 seconds
Number of updated asset objects reloaded before import = 0Number of asset objects unloaded after import = 1

========================================================================
Received Import Request.
  Time since last request: 0.000075 seconds.
  path: Assets/Roguelike2D/ExtendedVersion/UI/GameStyle.uss
  artifactKey: Guid(48f3dc0636b880743a8f3ddce0f76c56) Importer(2089858483,b0f066a214c2f5e87bad3c948f4d605d)
Start importing Assets/Roguelike2D/ExtendedVersion/UI/GameStyle.uss using Guid(48f3dc0636b880743a8f3ddce0f76c56) Importer(2089858483,b0f066a214c2f5e87bad3c948f4d605d) (ScriptedImporter) -> (artifact id: '3e14c2aefb3c726cff23fffc3635c16a') in 0.008362166 seconds
Number of updated asset objects reloaded before import = 0Number of asset objects unloaded after import = 3

========================================================================
Received Import Request.
  Time since last request: 0.000047 seconds.
  path: Assets/Settings/Scenes/URP2DSceneTemplate.unity
  artifactKey: Guid(2cda990e2423bbf4892e6590ba056729) Importer(2089858483,b0f066a214c2f5e87bad3c948f4d605d)
Start importing Assets/Settings/Scenes/URP2DSceneTemplate.unity using Guid(2cda990e2423bbf4892e6590ba056729) Importer(2089858483,b0f066a214c2f5e87bad3c948f4d605d) (ScriptedImporter) -> (artifact id: 'eedeabc048b1b0135e7e048736132b53') in 0.002152417 seconds
Number of updated asset objects reloaded before import = 0Number of asset objects unloaded after import = 1

========================================================================
Received Import Request.
  Time since last request: 0.000040 seconds.
  path: Assets/Settings/Main.mixer
  artifactKey: Guid(33b15e6d6bcb6ad4fa9335a1875832bc) Importer(2089858483,b0f066a214c2f5e87bad3c948f4d605d)
Start importing Assets/Settings/Main.mixer using Guid(33b15e6d6bcb6ad4fa9335a1875832bc) Importer(2089858483,b0f066a214c2f5e87bad3c948f4d605d) (ScriptedImporter) -> (artifact id: '6bf8f831b692558368aabdd3517f6844') in 0.007059167 seconds
Number of updated asset objects reloaded before import = 0Number of asset objects unloaded after import = 9

========================================================================
Received Import Request.
  Time since last request: 0.000049 seconds.
  path: Assets/Roguelike2D/TutorialAssets/Sprites/UrbanTheme.png
  artifactKey: Guid(fbe1e7b94bb1a4a099d5bcb15a00141c) Importer(2089858483,b0f066a214c2f5e87bad3c948f4d605d)
Start importing Assets/Roguelike2D/TutorialAssets/Sprites/UrbanTheme.png using Guid(fbe1e7b94bb1a4a099d5bcb15a00141c) Importer(2089858483,b0f066a214c2f5e87bad3c948f4d605d) (ScriptedImporter) -> (artifact id: 'bd7687479ff9aa3976da794f450cb477') in 0.03081875 seconds
Number of updated asset objects reloaded before import = 0Number of asset objects unloaded after import = 58

========================================================================
Received Import Request.
  Time since last request: 0.000039 seconds.
  path: Assets/Roguelike2D/TutorialAssets/Audio/footstep1.aif
  artifactKey: Guid(892962212a4b74d1c9f578a3b6ea6439) Importer(2089858483,b0f066a214c2f5e87bad3c948f4d605d)
Start importing Assets/Roguelike2D/TutorialAssets/Audio/footstep1.aif using Guid(892962212a4b74d1c9f578a3b6ea6439) Importer(2089858483,b0f066a214c2f5e87bad3c948f4d605d) (ScriptedImporter) -> (artifact id: '24e6110ced60df043ebbc8f476f8e442') in 0.007991625 seconds
Number of updated asset objects reloaded before import = 0Number of asset objects unloaded after import = 1

========================================================================
Received Import Request.
  Time since last request: 0.000046 seconds.
  path: Assets/Plugins/FMOD/src/Editor/StudioEventEmitterGizmoDrawer.cs
  artifactKey: Guid(f09ba26caab55e048a2e596ff75b3eab) Importer(2089858483,b0f066a214c2f5e87bad3c948f4d605d)
Start importing Assets/Plugins/FMOD/src/Editor/StudioEventEmitterGizmoDrawer.cs using Guid(f09ba26caab55e048a2e596ff75b3eab) Importer(2089858483,b0f066a214c2f5e87bad3c948f4d605d) (ScriptedImporter) -> (artifact id: '55397cc08fac3013a46dc1c7bbf7249a') in 0.001959333 seconds
Number of updated asset objects reloaded before import = 0Number of asset objects unloaded after import = 0

========================================================================
Received Import Request.
  Time since last request: 0.000049 seconds.
  path: Assets/Plugins/FMOD/src/ParamRefAttribute.cs
  artifactKey: Guid(7ae6224668d1647429723f89e10d593f) Importer(2089858483,b0f066a214c2f5e87bad3c948f4d605d)
Start importing Assets/Plugins/FMOD/src/ParamRefAttribute.cs using Guid(7ae6224668d1647429723f89e10d593f) Importer(2089858483,b0f066a214c2f5e87bad3c948f4d605d) (ScriptedImporter) -> (artifact id: '1a6f94ce74b2a1a7dd36b772be8739b6') in 0.00202925 seconds
Number of updated asset objects reloaded before import = 0Number of asset objects unloaded after import = 0

========================================================================
Received Import Request.
  Time since last request: 0.000046 seconds.
  path: Assets/Plugins/FMOD/platforms/ios/lib/libfmodstudiounitypluginsimulatorL.a
  artifactKey: Guid(9aed261b7fbc24099a9b58cbbf374583) Importer(2089858483,b0f066a214c2f5e87bad3c948f4d605d)
Start importing Assets/Plugins/FMOD/platforms/ios/lib/libfmodstudiounitypluginsimulatorL.a using Guid(9aed261b7fbc24099a9b58cbbf374583) Importer(2089858483,b0f066a214c2f5e87bad3c948f4d605d) (ScriptedImporter) -> (artifact id: '935fbbd3b4352f29d2ce861aa53c133f') in 0.003447 seconds
Number of updated asset objects reloaded before import = 0Number of asset objects unloaded after import = 0

========================================================================
Received Import Request.
  Time since last request: 0.000075 seconds.
  path: Assets/Plugins/FMOD/platforms/mac/src/PlatformMac.cs
  artifactKey: Guid(d92d0baf34dae0e4ea032a42bd6107c0) Importer(2089858483,b0f066a214c2f5e87bad3c948f4d605d)
Start importing Assets/Plugins/FMOD/platforms/mac/src/PlatformMac.cs using Guid(d92d0baf34dae0e4ea032a42bd6107c0) Importer(2089858483,b0f066a214c2f5e87bad3c948f4d605d) (ScriptedImporter) -> (artifact id: 'b75a5cb7b2f768e14ad705498f5040e5') in 0.002309625 seconds
Number of updated asset objects reloaded before import = 0Number of asset objects unloaded after import = 0

========================================================================
Received Import Request.
  Time since last request: 0.000048 seconds.
  path: Assets/Plugins/FMOD/platforms/ios/lib/libfmodstudiounitypluginL.a
  artifactKey: Guid(5aa4057a8deee1c45a69677125e2c241) Importer(2089858483,b0f066a214c2f5e87bad3c948f4d605d)
Start importing Assets/Plugins/FMOD/platforms/ios/lib/libfmodstudiounitypluginL.a using Guid(5aa4057a8deee1c45a69677125e2c241) Importer(2089858483,b0f066a214c2f5e87bad3c948f4d605d) (ScriptedImporter) -> (artifact id: '923cb8de00f5ea6ca515431b428bcc6a') in 0.00193675 seconds
Number of updated asset objects reloaded before import = 0Number of asset objects unloaded after import = 0

========================================================================
Received Import Request.
  Time since last request: 0.000055 seconds.
  path: Assets/Plugins/FMOD/addons/ResonanceAudio/Scripts/FmodResonanceAudio.cs
  artifactKey: Guid(6794e6301575a445d8588930a0752568) Importer(2089858483,b0f066a214c2f5e87bad3c948f4d605d)
Start importing Assets/Plugins/FMOD/addons/ResonanceAudio/Scripts/FmodResonanceAudio.cs using Guid(6794e6301575a445d8588930a0752568) Importer(2089858483,b0f066a214c2f5e87bad3c948f4d605d) (ScriptedImporter) -> (artifact id: 'bfae941ffbc9754aa91404f44cd51966') in 0.002047333 seconds
Number of updated asset objects reloaded before import = 0Number of asset objects unloaded after import = 0

========================================================================
Received Import Request.
  Time since last request: 0.000053 seconds.
  path: Assets/Plugins/FMOD/platforms/visionos/lib/libfmodstudio_xrsimulator.a
  artifactKey: Guid(da47e54c091124c7baa78e13f90216f3) Importer(2089858483,b0f066a214c2f5e87bad3c948f4d605d)
Start importing Assets/Plugins/FMOD/platforms/visionos/lib/libfmodstudio_xrsimulator.a using Guid(da47e54c091124c7baa78e13f90216f3) Importer(2089858483,b0f066a214c2f5e87bad3c948f4d605d) (ScriptedImporter) -> (artifact id: '4e47005e93f63372b940a371d8a38835') in 0.002020792 seconds
Number of updated asset objects reloaded before import = 0Number of asset objects unloaded after import = 0

========================================================================
Received Import Request.
  Time since last request: 0.000052 seconds.
  path: Assets/Roguelike2D/TutorialAssets/Sprites/UI/Life.png
  artifactKey: Guid(1814a2d0f580b1c4d844a5fb6f8dabb8) Importer(2089858483,b0f066a214c2f5e87bad3c948f4d605d)
Start importing Assets/Roguelike2D/TutorialAssets/Sprites/UI/Life.png using Guid(1814a2d0f580b1c4d844a5fb6f8dabb8) Importer(2089858483,b0f066a214c2f5e87bad3c948f4d605d) (ScriptedImporter) -> (artifact id: '1e37f50e2cc615dd625b8cdb2b0c73f7') in 0.0067905 seconds
Number of updated asset objects reloaded before import = 0Number of asset objects unloaded after import = 3

========================================================================
Received Import Request.
  Time since last request: 0.000057 seconds.
  path: Assets/Plugins/FMOD/platforms/visionos/src/PlatformVisionOS.cs
  artifactKey: Guid(8f591a193113347409efedcc618e83d6) Importer(2089858483,b0f066a214c2f5e87bad3c948f4d605d)
Start importing Assets/Plugins/FMOD/platforms/visionos/src/PlatformVisionOS.cs using Guid(8f591a193113347409efedcc618e83d6) Importer(2089858483,b0f066a214c2f5e87bad3c948f4d605d) (ScriptedImporter) -> (artifact id: 'cf503198d14f92c6618227e8186082eb') in 0.002010667 seconds
Number of updated asset objects reloaded before import = 0Number of asset objects unloaded after import = 0

========================================================================
Received Import Request.
  Time since last request: 0.000049 seconds.
  path: Assets/Plugins/FMOD/platforms/visionos/lib/libfmodstudioL_xrsimulator.a
  artifactKey: Guid(cc7984acfd746420c810ab83b89887c4) Importer(2089858483,b0f066a214c2f5e87bad3c948f4d605d)
Start importing Assets/Plugins/FMOD/platforms/visionos/lib/libfmodstudioL_xrsimulator.a using Guid(cc7984acfd746420c810ab83b89887c4) Importer(2089858483,b0f066a214c2f5e87bad3c948f4d605d) (ScriptedImporter) -> (artifact id: 'a214242f59c4ce7366375f7791c62d3c') in 0.002291334 seconds
Number of updated asset objects reloaded before import = 0Number of asset objects unloaded after import = 0

========================================================================
Received Import Request.
  Time since last request: 0.000085 seconds.
  path: Assets/Plugins/FMOD/platforms/visionos/lib/libresonanceaudio_xrsimulator.a
  artifactKey: Guid(ab84f09ed56d54cd3867c72395f7658c) Importer(2089858483,b0f066a214c2f5e87bad3c948f4d605d)
Start importing Assets/Plugins/FMOD/platforms/visionos/lib/libresonanceaudio_xrsimulator.a using Guid(ab84f09ed56d54cd3867c72395f7658c) Importer(2089858483,b0f066a214c2f5e87bad3c948f4d605d) (ScriptedImporter) -> (artifact id: '5fc3c2888635038554219a9bdf0817a0') in 0.001941334 seconds
Number of updated asset objects reloaded before import = 0Number of asset objects unloaded after import = 0

========================================================================
Received Import Request.
  Time since last request: 0.000074 seconds.
  path: Assets/Plugins/FMOD/addons/ResonanceAudio/Scripts/FMODUnityResonance.asmdef
  artifactKey: Guid(44d09cf463b68274884d8a3c8a94e528) Importer(2089858483,b0f066a214c2f5e87bad3c948f4d605d)
Start importing Assets/Plugins/FMOD/addons/ResonanceAudio/Scripts/FMODUnityResonance.asmdef using Guid(44d09cf463b68274884d8a3c8a94e528) Importer(2089858483,b0f066a214c2f5e87bad3c948f4d605d) (ScriptedImporter) -> (artifact id: 'abcf2e5fee405ce68bbb355307971fce') in 0.002472042 seconds
Number of updated asset objects reloaded before import = 0Number of asset objects unloaded after import = 1

========================================================================
Received Import Request.
  Time since last request: 0.000042 seconds.
  path: Assets/Plugins/FMOD/platforms/win/src/PlatformWindows.cs
  artifactKey: Guid(9660e62d6232af242877f0cc2b90c63d) Importer(2089858483,b0f066a214c2f5e87bad3c948f4d605d)
Start importing Assets/Plugins/FMOD/platforms/win/src/PlatformWindows.cs using Guid(9660e62d6232af242877f0cc2b90c63d) Importer(2089858483,b0f066a214c2f5e87bad3c948f4d605d) (ScriptedImporter) -> (artifact id: '3573aec54c2ecee00621b8e125cb980e') in 0.001894084 seconds
Number of updated asset objects reloaded before import = 0Number of asset objects unloaded after import = 0

========================================================================
Received Import Request.
  Time since last request: 0.000051 seconds.
  path: Assets/Plugins/FMOD/addons/ResonanceAudio/Editor/FmodResonanceAudioRoomEditor.cs
  artifactKey: Guid(935c6716e27bd481e97897dd9e1de595) Importer(2089858483,b0f066a214c2f5e87bad3c948f4d605d)
Start importing Assets/Plugins/FMOD/addons/ResonanceAudio/Editor/FmodResonanceAudioRoomEditor.cs using Guid(935c6716e27bd481e97897dd9e1de595) Importer(2089858483,b0f066a214c2f5e87bad3c948f4d605d) (ScriptedImporter) -> (artifact id: '7cd1f2448c5d0b003f6c5879931323f7') in 0.001764584 seconds
Number of updated asset objects reloaded before import = 0Number of asset objects unloaded after import = 0

========================================================================
Received Import Request.
  Time since last request: 0.000049 seconds.
  path: Assets/Plugins/FMOD/platforms/tvos/lib/libfmodstudiounitypluginsimulator.a
  artifactKey: Guid(86d28a38815714041bf19dc4cc59ce65) Importer(2089858483,b0f066a214c2f5e87bad3c948f4d605d)
Start importing Assets/Plugins/FMOD/platforms/tvos/lib/libfmodstudiounitypluginsimulator.a using Guid(86d28a38815714041bf19dc4cc59ce65) Importer(2089858483,b0f066a214c2f5e87bad3c948f4d605d) (ScriptedImporter) -> (artifact id: '884196487ab32b44c267bebcfd4cd8e0') in 0.002247458 seconds
Number of updated asset objects reloaded before import = 0Number of asset objects unloaded after import = 0

========================================================================
Received Import Request.
  Time since last request: 0.000077 seconds.
  path: Assets/Plugins/FMOD/platforms/html5/lib/libfmodstudiounityplugin.bc
  artifactKey: Guid(254f6ee9df4d3024d9c550104ea5feaf) Importer(2089858483,b0f066a214c2f5e87bad3c948f4d605d)
Start importing Assets/Plugins/FMOD/platforms/html5/lib/libfmodstudiounityplugin.bc using Guid(254f6ee9df4d3024d9c550104ea5feaf) Importer(2089858483,b0f066a214c2f5e87bad3c948f4d605d) (ScriptedImporter) -> (artifact id: '9d8f601c030de70b19ecb8347c4ebfcc') in 0.001969208 seconds
Number of updated asset objects reloaded before import = 0Number of asset objects unloaded after import = 0

========================================================================
Received Import Request.
  Time since last request: 0.000077 seconds.
  path: Assets/Plugins/FMOD/platforms/android/src/PlatformAndroid.cs
  artifactKey: Guid(97ba6cc2660c0ca498540d254701057a) Importer(2089858483,b0f066a214c2f5e87bad3c948f4d605d)
Start importing Assets/Plugins/FMOD/platforms/android/src/PlatformAndroid.cs using Guid(97ba6cc2660c0ca498540d254701057a) Importer(2089858483,b0f066a214c2f5e87bad3c948f4d605d) (ScriptedImporter) -> (artifact id: 'cf3b2d5e8896fd58475f9fa767b73ba3') in 0.001767625 seconds
Number of updated asset objects reloaded before import = 0Number of asset objects unloaded after import = 0

========================================================================
Received Import Request.
  Time since last request: 0.000050 seconds.
  path: Assets/Plugins/FMOD/platforms/tvos/lib/libfmodstudiounityplugin.a
  artifactKey: Guid(4abc247d0f34143ec95396c7b6bec6a8) Importer(2089858483,b0f066a214c2f5e87bad3c948f4d605d)
Start importing Assets/Plugins/FMOD/platforms/tvos/lib/libfmodstudiounityplugin.a using Guid(4abc247d0f34143ec95396c7b6bec6a8) Importer(2089858483,b0f066a214c2f5e87bad3c948f4d605d) (ScriptedImporter) -> (artifact id: '5a7bae27b98158567ebf3a76185221c7') in 0.001993458 seconds
Number of updated asset objects reloaded before import = 0Number of asset objects unloaded after import = 0

========================================================================
Received Import Request.
  Time since last request: 0.000041 seconds.
  path: Assets/Plugins/FMOD/platforms/ios/src/PlatformIOS.cs
  artifactKey: Guid(bc1f51bc35d549941904cf062bae93a3) Importer(2089858483,b0f066a214c2f5e87bad3c948f4d605d)
Start importing Assets/Plugins/FMOD/platforms/ios/src/PlatformIOS.cs using Guid(bc1f51bc35d549941904cf062bae93a3) Importer(2089858483,b0f066a214c2f5e87bad3c948f4d605d) (ScriptedImporter) -> (artifact id: 'cfddea756061981ad7469495747d3871') in 0.002015958 seconds
Number of updated asset objects reloaded before import = 0Number of asset objects unloaded after import = 0

========================================================================
Received Import Request.
  Time since last request: 0.000079 seconds.
  path: Assets/Plugins/FMOD/platforms/visionos/lib/libfmodstudioL_xros.a
  artifactKey: Guid(240b87501d4c14726b85b03230183106) Importer(2089858483,b0f066a214c2f5e87bad3c948f4d605d)
Start importing Assets/Plugins/FMOD/platforms/visionos/lib/libfmodstudioL_xros.a using Guid(240b87501d4c14726b85b03230183106) Importer(2089858483,b0f066a214c2f5e87bad3c948f4d605d) (ScriptedImporter) -> (artifact id: '30c34935de29cad8d91c7058e4aefebf') in 0.002068959 seconds
Number of updated asset objects reloaded before import = 0Number of asset objects unloaded after import = 0

========================================================================
Received Import Request.
  Time since last request: 0.000056 seconds.
  path: Assets/Roguelike2D/TutorialAssets/Sprites/UI/Attack.png
  artifactKey: Guid(f59b6f1cccc714c4d867407a30f8b974) Importer(2089858483,b0f066a214c2f5e87bad3c948f4d605d)
Start importing Assets/Roguelike2D/TutorialAssets/Sprites/UI/Attack.png using Guid(f59b6f1cccc714c4d867407a30f8b974) Importer(2089858483,b0f066a214c2f5e87bad3c948f4d605d) (ScriptedImporter) -> (artifact id: '78abdba97abfdb497c9ca58fbb3ae57e') in 0.00518975 seconds
Number of updated asset objects reloaded before import = 0Number of asset objects unloaded after import = 3

========================================================================
Received Import Request.
  Time since last request: 0.000053 seconds.
  path: Assets/Plugins/FMOD/platforms/ios/lib/libresonanceaudiosimulator.a
  artifactKey: Guid(5ad1791b3b48a4ba39c30a2b4f438486) Importer(2089858483,b0f066a214c2f5e87bad3c948f4d605d)
Start importing Assets/Plugins/FMOD/platforms/ios/lib/libresonanceaudiosimulator.a using Guid(5ad1791b3b48a4ba39c30a2b4f438486) Importer(2089858483,b0f066a214c2f5e87bad3c948f4d605d) (ScriptedImporter) -> (artifact id: 'd16f9f223a0d0bec017dfa7997e6678c') in 0.002289791 seconds
Number of updated asset objects reloaded before import = 0Number of asset objects unloaded after import = 0

========================================================================
Received Import Request.
  Time since last request: 0.000047 seconds.
  path: Assets/Roguelike2D/ExtendedVersion/Scripts/CellObjects/ExitCellObject.cs
  artifactKey: Guid(482c68505e087e04486497c342dbb691) Importer(2089858483,b0f066a214c2f5e87bad3c948f4d605d)
Start importing Assets/Roguelike2D/ExtendedVersion/Scripts/CellObjects/ExitCellObject.cs using Guid(482c68505e087e04486497c342dbb691) Importer(2089858483,b0f066a214c2f5e87bad3c948f4d605d) (ScriptedImporter) -> (artifact id: '56fbdaaaebc950a38b5ba7cd8668cf0c') in 0.001952083 seconds
Number of updated asset objects reloaded before import = 0Number of asset objects unloaded after import = 0

========================================================================
Received Import Request.
  Time since last request: 0.000047 seconds.
  path: Assets/Roguelike2D/ExtendedVersion/Themes/Sand/SandLevelEnemies.asset
  artifactKey: Guid(94654ac4dd27463418bd63ec874f2c50) Importer(2089858483,b0f066a214c2f5e87bad3c948f4d605d)
Start importing Assets/Roguelike2D/ExtendedVersion/Themes/Sand/SandLevelEnemies.asset using Guid(94654ac4dd27463418bd63ec874f2c50) Importer(2089858483,b0f066a214c2f5e87bad3c948f4d605d) (ScriptedImporter) -> (artifact id: 'c40b60447dc54300e5b2f847976af975') in 0.003770417 seconds
Number of updated asset objects reloaded before import = 0Number of asset objects unloaded after import = 20

========================================================================
Received Import Request.
  Time since last request: 0.000049 seconds.
  path: Assets/Roguelike2D/ExtendedVersion/Themes/Sand/Prefabs/SandMusic.prefab
  artifactKey: Guid(b0d2bab5a1df940eab668e068d6787ca) Importer(2089858483,b0f066a214c2f5e87bad3c948f4d605d)
Start importing Assets/Roguelike2D/ExtendedVersion/Themes/Sand/Prefabs/SandMusic.prefab using Guid(b0d2bab5a1df940eab668e068d6787ca) Importer(2089858483,b0f066a214c2f5e87bad3c948f4d605d) (ScriptedImporter) -> (artifact id: '60fe5f042a8936f6e09b8072cd9925b9') in 0.002372459 seconds
Number of updated asset objects reloaded before import = 0Number of asset objects unloaded after import = 4

========================================================================
Received Import Request.
  Time since last request: 0.000042 seconds.
  path: Assets/Roguelike2D/ExtendedVersion/Themes/Snow/Prefabs/SnowAmbience.prefab
  artifactKey: Guid(73646852726d5484eac1d1eb2bdd54b3) Importer(2089858483,b0f066a214c2f5e87bad3c948f4d605d)
Start importing Assets/Roguelike2D/ExtendedVersion/Themes/Snow/Prefabs/SnowAmbience.prefab using Guid(73646852726d5484eac1d1eb2bdd54b3) Importer(2089858483,b0f066a214c2f5e87bad3c948f4d605d) (ScriptedImporter) -> (artifact id: '8c8d766814bccf4078cde4d509372d8d') in 0.003401208 seconds
Number of updated asset objects reloaded before import = 0Number of asset objects unloaded after import = 5

========================================================================
Received Import Request.
  Time since last request: 0.000043 seconds.
  path: Assets/Roguelike2D/ExtendedVersion/Themes/Snow/Tiles/Scavengers2_SpriteSheet_32.asset
  artifactKey: Guid(75f687ca32e872e4b8f667b5b515492d) Importer(2089858483,b0f066a214c2f5e87bad3c948f4d605d)
Start importing Assets/Roguelike2D/ExtendedVersion/Themes/Snow/Tiles/Scavengers2_SpriteSheet_32.asset using Guid(75f687ca32e872e4b8f667b5b515492d) Importer(2089858483,b0f066a214c2f5e87bad3c948f4d605d) (ScriptedImporter) -> (artifact id: '03a64893b08e04940f862ab3dbbd9098') in 0.010134083 seconds
Number of updated asset objects reloaded before import = 0Number of asset objects unloaded after import = 2

========================================================================
Received Import Request.
  Time since last request: 0.000047 seconds.
  path: Assets/Roguelike2D/ExtendedVersion/Themes/Sand/Tiles/Scavengers2_SpriteSheet_29 2.asset
  artifactKey: Guid(e8b4764a67c3d7c45bd5c037f399462c) Importer(2089858483,b0f066a214c2f5e87bad3c948f4d605d)
Start importing Assets/Roguelike2D/ExtendedVersion/Themes/Sand/Tiles/Scavengers2_SpriteSheet_29 2.asset using Guid(e8b4764a67c3d7c45bd5c037f399462c) Importer(2089858483,b0f066a214c2f5e87bad3c948f4d605d) (ScriptedImporter) -> (artifact id: '83a97741a6aaa5554f67ffff8a25201c') in 0.002995958 seconds
Number of updated asset objects reloaded before import = 0Number of asset objects unloaded after import = 2

========================================================================
Received Import Request.
  Time since last request: 0.000051 seconds.
  path: Assets/Roguelike2D/ExtendedVersion/Themes/Sand/Tiles/Assets_SpriteSheet3_0 3.asset
  artifactKey: Guid(117e46571e8fe3e4886a4eb54027dc67) Importer(2089858483,b0f066a214c2f5e87bad3c948f4d605d)
Start importing Assets/Roguelike2D/ExtendedVersion/Themes/Sand/Tiles/Assets_SpriteSheet3_0 3.asset using Guid(117e46571e8fe3e4886a4eb54027dc67) Importer(2089858483,b0f066a214c2f5e87bad3c948f4d605d) (ScriptedImporter) -> (artifact id: '7be32c9bac6ec1be25ac65cc0edeb26e') in 0.002367042 seconds
Number of updated asset objects reloaded before import = 0Number of asset objects unloaded after import = 2

========================================================================
Received Import Request.
  Time since last request: 0.000037 seconds.
  path: Assets/Roguelike2D/ExtendedVersion/Themes/Sand/Tiles/Scavengers2_SpriteSheet_34 1.asset
  artifactKey: Guid(bec171ca61d145940b76d6947fc5ad7f) Importer(2089858483,b0f066a214c2f5e87bad3c948f4d605d)
Start importing Assets/Roguelike2D/ExtendedVersion/Themes/Sand/Tiles/Scavengers2_SpriteSheet_34 1.asset using Guid(bec171ca61d145940b76d6947fc5ad7f) Importer(2089858483,b0f066a214c2f5e87bad3c948f4d605d) (ScriptedImporter) -> (artifact id: '5ee775eb07dc0445114092e496a01413') in 0.002508375 seconds
Number of updated asset objects reloaded before import = 0Number of asset objects unloaded after import = 2

========================================================================
Received Import Request.
  Time since last request: 0.000043 seconds.
  path: Assets/Roguelike2D/ExtendedVersion/Themes/Sand/Prefabs/SandWall 1.prefab
  artifactKey: Guid(00827d8ced5dc7140b7fe4bd1482b90f) Importer(2089858483,b0f066a214c2f5e87bad3c948f4d605d)
Start importing Assets/Roguelike2D/ExtendedVersion/Themes/Sand/Prefabs/SandWall 1.prefab using Guid(00827d8ced5dc7140b7fe4bd1482b90f) Importer(2089858483,b0f066a214c2f5e87bad3c948f4d605d) (ScriptedImporter) -> (artifact id: '447ea5337b7bfcd1302864d6fd4998c0') in 0.00345525 seconds
Number of updated asset objects reloaded before import = 0Number of asset objects unloaded after import = 9

========================================================================
Received Import Request.
  Time since last request: 0.000052 seconds.
  path: Assets/Roguelike2D/ExtendedVersion/Themes/Sand/Tiles/Scavengers2_SpriteSheet_32 1.asset
  artifactKey: Guid(d8b3ca7cd5a28f74695dcbfa61cc4800) Importer(2089858483,b0f066a214c2f5e87bad3c948f4d605d)
Start importing Assets/Roguelike2D/ExtendedVersion/Themes/Sand/Tiles/Scavengers2_SpriteSheet_32 1.asset using Guid(d8b3ca7cd5a28f74695dcbfa61cc4800) Importer(2089858483,b0f066a214c2f5e87bad3c948f4d605d) (ScriptedImporter) -> (artifact id: '8e1690a05bf81b0ac248bf3a7da7bd55') in 0.0031365 seconds
Number of updated asset objects reloaded before import = 0Number of asset objects unloaded after import = 2

========================================================================
Received Import Request.
  Time since last request: 0.000046 seconds.
  path: Assets/Roguelike2D/ExtendedVersion/Themes/Snow/Prefabs/SnowScavenger.prefab
  artifactKey: Guid(083cbaad716d7e24bba457b604c415d8) Importer(2089858483,b0f066a214c2f5e87bad3c948f4d605d)
Start importing Assets/Roguelike2D/ExtendedVersion/Themes/Snow/Prefabs/SnowScavenger.prefab using Guid(083cbaad716d7e24bba457b604c415d8) Importer(2089858483,b0f066a214c2f5e87bad3c948f4d605d) (ScriptedImporter) -> (artifact id: 'f617ea838e97e762529b8a8585c0e43b') in 0.117111792 seconds
Number of updated asset objects reloaded before import = 0Number of asset objects unloaded after import = 31

========================================================================
Received Import Request.
  Time since last request: 0.000047 seconds.
  path: Assets/Roguelike2D/ExtendedVersion/Themes/Sand/Tiles/Scavengers2_SpriteSheet_36 1.asset
  artifactKey: Guid(31bf371fdb0a49a4ab6e6ffd75f56799) Importer(2089858483,b0f066a214c2f5e87bad3c948f4d605d)
Start importing Assets/Roguelike2D/ExtendedVersion/Themes/Sand/Tiles/Scavengers2_SpriteSheet_36 1.asset using Guid(31bf371fdb0a49a4ab6e6ffd75f56799) Importer(2089858483,b0f066a214c2f5e87bad3c948f4d605d) (ScriptedImporter) -> (artifact id: 'b8d294361fb61f0e3ff9156df643e83d') in 0.002640791 seconds
Number of updated asset objects reloaded before import = 0Number of asset objects unloaded after import = 2

========================================================================
Received Import Request.
  Time since last request: 0.000052 seconds.
  path: Assets/Roguelike2D/ExtendedVersion/Themes/Snow/Prefabs/SnowWall.prefab
  artifactKey: Guid(570a0a43076f17e4a99dccb3d46cddbb) Importer(2089858483,b0f066a214c2f5e87bad3c948f4d605d)
Start importing Assets/Roguelike2D/ExtendedVersion/Themes/Snow/Prefabs/SnowWall.prefab using Guid(570a0a43076f17e4a99dccb3d46cddbb) Importer(2089858483,b0f066a214c2f5e87bad3c948f4d605d) (ScriptedImporter) -> (artifact id: '92c780711a705359ba9f598fa73e1132') in 0.00532925 seconds
Number of updated asset objects reloaded before import = 0Number of asset objects unloaded after import = 9

========================================================================
Received Import Request.
  Time since last request: 0.000066 seconds.
  path: Assets/Roguelike2D/ExtendedVersion/Themes/Sand/Prefabs/SandWall 2.prefab
  artifactKey: Guid(7ba63d5558f194a45b18d64997b56f54) Importer(2089858483,b0f066a214c2f5e87bad3c948f4d605d)
Start importing Assets/Roguelike2D/ExtendedVersion/Themes/Sand/Prefabs/SandWall 2.prefab using Guid(7ba63d5558f194a45b18d64997b56f54) Importer(2089858483,b0f066a214c2f5e87bad3c948f4d605d) (ScriptedImporter) -> (artifact id: '712064cf3a2f750a4d58562fdf261268') in 0.003549542 seconds
Number of updated asset objects reloaded before import = 0Number of asset objects unloaded after import = 9

========================================================================
Received Import Request.
  Time since last request: 0.000056 seconds.
  path: Assets/Roguelike2D/TutorialVersion/Scripts/GameManager.cs
  artifactKey: Guid(9dc1b9f57f0b5af46b702abcc95ecb9a) Importer(2089858483,b0f066a214c2f5e87bad3c948f4d605d)
Start importing Assets/Roguelike2D/TutorialVersion/Scripts/GameManager.cs using Guid(9dc1b9f57f0b5af46b702abcc95ecb9a) Importer(2089858483,b0f066a214c2f5e87bad3c948f4d605d) (ScriptedImporter) -> (artifact id: 'c77f6c5e7db2032626d5367bbb2c2a30') in 0.001764542 seconds
Number of updated asset objects reloaded before import = 0Number of asset objects unloaded after import = 0

========================================================================
Received Import Request.
  Time since last request: 0.000051 seconds.
  path: Assets/Plugins/FMOD/images/EventIcon.png
  artifactKey: Guid(a602f206f9cb31f439c79a2fe23687c5) Importer(2089858483,b0f066a214c2f5e87bad3c948f4d605d)
Start importing Assets/Plugins/FMOD/images/EventIcon.png using Guid(a602f206f9cb31f439c79a2fe23687c5) Importer(2089858483,b0f066a214c2f5e87bad3c948f4d605d) (ScriptedImporter) -> (artifact id: '0cad645820aa0b0af555321c4795499d') in 0.00431375 seconds
Number of updated asset objects reloaded before import = 0Number of asset objects unloaded after import = 1

========================================================================
Received Import Request.
  Time since last request: 0.000068 seconds.
  path: Assets/DefaultVolumeProfile.asset
  artifactKey: Guid(3f9215ea0144899419cfbc0957140d3f) Importer(2089858483,b0f066a214c2f5e87bad3c948f4d605d)
Start importing Assets/DefaultVolumeProfile.asset using Guid(3f9215ea0144899419cfbc0957140d3f) Importer(2089858483,b0f066a214c2f5e87bad3c948f4d605d) (ScriptedImporter) -> (artifact id: 'e1c872c6a92eb82476c3ca7cac2c3e5a') in 0.003731167 seconds
Number of updated asset objects reloaded before import = 0Number of asset objects unloaded after import = 20

========================================================================
Received Import Request.
  Time since last request: 0.000044 seconds.
  path: Assets/Plugins/FMOD/images/Delete.png
  artifactKey: Guid(196080340db65c44883dd3f599556fb9) Importer(2089858483,b0f066a214c2f5e87bad3c948f4d605d)
Start importing Assets/Plugins/FMOD/images/Delete.png using Guid(196080340db65c44883dd3f599556fb9) Importer(2089858483,b0f066a214c2f5e87bad3c948f4d605d) (ScriptedImporter) -> (artifact id: '54a41fd2545db173eaba4cbc324d7b64') in 0.004475792 seconds
Number of updated asset objects reloaded before import = 0Number of asset objects unloaded after import = 1

========================================================================
Received Import Request.
  Time since last request: 0.000049 seconds.
  path: Assets/Roguelike2D/ExtendedVersion/Themes/Snow/Tiles/Scavengers2_SpriteSheet_35.asset
  artifactKey: Guid(97578941e641320459d58600307c3015) Importer(2089858483,b0f066a214c2f5e87bad3c948f4d605d)
Start importing Assets/Roguelike2D/ExtendedVersion/Themes/Snow/Tiles/Scavengers2_SpriteSheet_35.asset using Guid(97578941e641320459d58600307c3015) Importer(2089858483,b0f066a214c2f5e87bad3c948f4d605d) (ScriptedImporter) -> (artifact id: '1aee52cba13ae5d1bfd640e85ddcf14c') in 0.002481 seconds
Number of updated asset objects reloaded before import = 0Number of asset objects unloaded after import = 2

========================================================================
Received Import Request.
  Time since last request: 0.000049 seconds.
  path: Assets/Roguelike2D/ExtendedVersion/Themes/Snow/Tiles/Scavengers2_SpriteSheet_39.asset
  artifactKey: Guid(22d3d768ab83e624193d1e13583aaece) Importer(2089858483,b0f066a214c2f5e87bad3c948f4d605d)
Start importing Assets/Roguelike2D/ExtendedVersion/Themes/Snow/Tiles/Scavengers2_SpriteSheet_39.asset using Guid(22d3d768ab83e624193d1e13583aaece) Importer(2089858483,b0f066a214c2f5e87bad3c948f4d605d) (ScriptedImporter) -> (artifact id: '58056220de864fe5a73e4031762ee551') in 0.002480291 seconds
Number of updated asset objects reloaded before import = 0Number of asset objects unloaded after import = 2

========================================================================
Received Import Request.
  Time since last request: 0.000048 seconds.
  path: Assets/Roguelike2D/ExtendedVersion/Themes/Urban/Tiles/Scavengers_SpriteSheet_29.asset
  artifactKey: Guid(f2f9e234d3797f54781ecd2ce0958783) Importer(2089858483,b0f066a214c2f5e87bad3c948f4d605d)
Start importing Assets/Roguelike2D/ExtendedVersion/Themes/Urban/Tiles/Scavengers_SpriteSheet_29.asset using Guid(f2f9e234d3797f54781ecd2ce0958783) Importer(2089858483,b0f066a214c2f5e87bad3c948f4d605d) (ScriptedImporter) -> (artifact id: 'c6ae2b0f060c2e5beade18d33fa768f6') in 0.002733292 seconds
Number of updated asset objects reloaded before import = 0Number of asset objects unloaded after import = 2

========================================================================
Received Import Request.
  Time since last request: 0.000042 seconds.
  path: Assets/Roguelike2D/ExtendedVersion/Themes/Urban/Prefabs/UrbanEnemy1.prefab
  artifactKey: Guid(298809d9674536c488b39b8419638c27) Importer(2089858483,b0f066a214c2f5e87bad3c948f4d605d)
Start importing Assets/Roguelike2D/ExtendedVersion/Themes/Urban/Prefabs/UrbanEnemy1.prefab using Guid(298809d9674536c488b39b8419638c27) Importer(2089858483,b0f066a214c2f5e87bad3c948f4d605d) (ScriptedImporter) -> (artifact id: '38d51f0a03270679505fa62993d78554') in 0.007595417 seconds
Number of updated asset objects reloaded before import = 0Number of asset objects unloaded after import = 29

========================================================================
Received Import Request.
  Time since last request: 0.000054 seconds.
  path: Assets/Roguelike2D/ExtendedVersion/Themes/Urban/Tiles/Scavengers_SpriteSheet_30.asset
  artifactKey: Guid(d6a562049bec7174f8ea34c37f0b0563) Importer(2089858483,b0f066a214c2f5e87bad3c948f4d605d)
Start importing Assets/Roguelike2D/ExtendedVersion/Themes/Urban/Tiles/Scavengers_SpriteSheet_30.asset using Guid(d6a562049bec7174f8ea34c37f0b0563) Importer(2089858483,b0f066a214c2f5e87bad3c948f4d605d) (ScriptedImporter) -> (artifact id: '6c61b317172af2a10f9e0706b3d5af0e') in 0.004393125 seconds
Number of updated asset objects reloaded before import = 0Number of asset objects unloaded after import = 2

========================================================================
Received Import Request.
  Time since last request: 0.000038 seconds.
  path: Assets/Roguelike2D/ExtendedVersion/Themes/Urban/Tiles/Scavengers_SpriteSheet_20.asset
  artifactKey: Guid(70eabc5a89d8a5c4da6a456efce9fc70) Importer(2089858483,b0f066a214c2f5e87bad3c948f4d605d)
Start importing Assets/Roguelike2D/ExtendedVersion/Themes/Urban/Tiles/Scavengers_SpriteSheet_20.asset using Guid(70eabc5a89d8a5c4da6a456efce9fc70) Importer(2089858483,b0f066a214c2f5e87bad3c948f4d605d) (ScriptedImporter) -> (artifact id: '024ce65dfed309331f159cf8699fcd40') in 0.002801917 seconds
Number of updated asset objects reloaded before import = 0Number of asset objects unloaded after import = 2

========================================================================
Received Import Request.
  Time since last request: 0.000036 seconds.
  path: Assets/Roguelike2D/ExtendedVersion/Themes/Urban/Tiles/Scavengers_SpriteSheet_52.asset
  artifactKey: Guid(7543feb1cab621944a0aba13345de3f4) Importer(2089858483,b0f066a214c2f5e87bad3c948f4d605d)
Start importing Assets/Roguelike2D/ExtendedVersion/Themes/Urban/Tiles/Scavengers_SpriteSheet_52.asset using Guid(7543feb1cab621944a0aba13345de3f4) Importer(2089858483,b0f066a214c2f5e87bad3c948f4d605d) (ScriptedImporter) -> (artifact id: 'ec4a184fddc5856c356af389e23c5d1d') in 0.003250958 seconds
Number of updated asset objects reloaded before import = 0Number of asset objects unloaded after import = 2

========================================================================
Received Import Request.
  Time since last request: 0.000048 seconds.
  path: Assets/Roguelike2D/ExtendedVersion/Themes/Urban/Tiles/Scavengers_SpriteSheet_33.asset
  artifactKey: Guid(505b2c928cb5d4de6a9d09e0d61154cd) Importer(2089858483,b0f066a214c2f5e87bad3c948f4d605d)
Start importing Assets/Roguelike2D/ExtendedVersion/Themes/Urban/Tiles/Scavengers_SpriteSheet_33.asset using Guid(505b2c928cb5d4de6a9d09e0d61154cd) Importer(2089858483,b0f066a214c2f5e87bad3c948f4d605d) (ScriptedImporter) -> (artifact id: '73f4e9187ecc018c8fad52729d0e7b53') in 0.00310775 seconds
Number of updated asset objects reloaded before import = 0Number of asset objects unloaded after import = 2

========================================================================
Received Import Request.
  Time since last request: 0.000073 seconds.
  path: Assets/Roguelike2D/ExtendedVersion/Themes/Urban/Tiles/Scavengers_SpriteSheet_53.asset
  artifactKey: Guid(127613a3e0c3098458a9b96f09d2282c) Importer(2089858483,b0f066a214c2f5e87bad3c948f4d605d)
Start importing Assets/Roguelike2D/ExtendedVersion/Themes/Urban/Tiles/Scavengers_SpriteSheet_53.asset using Guid(127613a3e0c3098458a9b96f09d2282c) Importer(2089858483,b0f066a214c2f5e87bad3c948f4d605d) (ScriptedImporter) -> (artifact id: '9281d5db604c1e6389ad6fc775ef430d') in 0.003070333 seconds
Number of updated asset objects reloaded before import = 0Number of asset objects unloaded after import = 2

========================================================================
Received Import Request.
  Time since last request: 0.000042 seconds.
  path: Assets/Roguelike2D/ExtendedVersion/Themes/Urban/Prefabs/UrbanWall.prefab
  artifactKey: Guid(068d54f07c5f53a40abdad52879a0527) Importer(2089858483,b0f066a214c2f5e87bad3c948f4d605d)
Start importing Assets/Roguelike2D/ExtendedVersion/Themes/Urban/Prefabs/UrbanWall.prefab using Guid(068d54f07c5f53a40abdad52879a0527) Importer(2089858483,b0f066a214c2f5e87bad3c948f4d605d) (ScriptedImporter) -> (artifact id: '4686689c12ad783aa4946af610e6e32c') in 0.003668625 seconds
Number of updated asset objects reloaded before import = 0Number of asset objects unloaded after import = 9

========================================================================
Received Import Request.
  Time since last request: 0.000041 seconds.
  path: Assets/Roguelike2D/ExtendedVersion/Themes/Snow/Tiles/Scavengers2_SpriteSheet_33.asset
  artifactKey: Guid(734ce0c24cfb51a48abffdf5edc07941) Importer(2089858483,b0f066a214c2f5e87bad3c948f4d605d)
Start importing Assets/Roguelike2D/ExtendedVersion/Themes/Snow/Tiles/Scavengers2_SpriteSheet_33.asset using Guid(734ce0c24cfb51a48abffdf5edc07941) Importer(2089858483,b0f066a214c2f5e87bad3c948f4d605d) (ScriptedImporter) -> (artifact id: 'd8a16bfff66d86d29a16d8ef1d2633ce') in 0.002749667 seconds
Number of updated asset objects reloaded before import = 0Number of asset objects unloaded after import = 2

========================================================================
Received Import Request.
  Time since last request: 0.000141 seconds.
  path: Assets/Roguelike2D/ExtendedVersion/Themes/Urban/Prefabs/UrbanExitCell.prefab
  artifactKey: Guid(d5407968a50c18a4587bc936e93c2b6e) Importer(2089858483,b0f066a214c2f5e87bad3c948f4d605d)
Start importing Assets/Roguelike2D/ExtendedVersion/Themes/Urban/Prefabs/UrbanExitCell.prefab using Guid(d5407968a50c18a4587bc936e93c2b6e) Importer(2089858483,b0f066a214c2f5e87bad3c948f4d605d) (ScriptedImporter) -> (artifact id: '18e4a5b9682a288c865c3e74ac767d94') in 0.003026458 seconds
Number of updated asset objects reloaded before import = 0Number of asset objects unloaded after import = 7

========================================================================
Received Import Request.
  Time since last request: 0.000038 seconds.
  path: Assets/Roguelike2D/ExtendedVersion/Themes/Urban/Tiles/Scavengers_SpriteSheet_38.asset
  artifactKey: Guid(4dc73c29fb038490782dad360031cf38) Importer(2089858483,b0f066a214c2f5e87bad3c948f4d605d)
Start importing Assets/Roguelike2D/ExtendedVersion/Themes/Urban/Tiles/Scavengers_SpriteSheet_38.asset using Guid(4dc73c29fb038490782dad360031cf38) Importer(2089858483,b0f066a214c2f5e87bad3c948f4d605d) (ScriptedImporter) -> (artifact id: 'da32d178db9d56535ad446190a9b53ab') in 0.003091583 seconds
Number of updated asset objects reloaded before import = 0Number of asset objects unloaded after import = 2

========================================================================
Received Import Request.
  Time since last request: 0.000063 seconds.
  path: Assets/Roguelike2D/ExtendedVersion/Themes/Urban/Tiles/Scavengers_SpriteSheet_26.asset
  artifactKey: Guid(6259ad63c564244c7be963c8d5a9b295) Importer(2089858483,b0f066a214c2f5e87bad3c948f4d605d)
Start importing Assets/Roguelike2D/ExtendedVersion/Themes/Urban/Tiles/Scavengers_SpriteSheet_26.asset using Guid(6259ad63c564244c7be963c8d5a9b295) Importer(2089858483,b0f066a214c2f5e87bad3c948f4d605d) (ScriptedImporter) -> (artifact id: 'a4c7eeb4b4596cd872aa24b4e69a60d1') in 0.003135125 seconds
Number of updated asset objects reloaded before import = 0Number of asset objects unloaded after import = 2

========================================================================
Received Import Request.
  Time since last request: 0.000067 seconds.
  path: Assets/Roguelike2D/ExtendedVersion/Themes/Urban/Tiles/Scavengers_SpriteSheet_31.asset
  artifactKey: Guid(5506b93c286816644952690e95f1978a) Importer(2089858483,b0f066a214c2f5e87bad3c948f4d605d)
Start importing Assets/Roguelike2D/ExtendedVersion/Themes/Urban/Tiles/Scavengers_SpriteSheet_31.asset using Guid(5506b93c286816644952690e95f1978a) Importer(2089858483,b0f066a214c2f5e87bad3c948f4d605d) (ScriptedImporter) -> (artifact id: 'a7d35c696aa239c68a08de90808745c6') in 0.002610584 seconds
Number of updated asset objects reloaded before import = 0Number of asset objects unloaded after import = 2

========================================================================
Received Import Request.
  Time since last request: 0.000077 seconds.
  path: Assets/Roguelike2D/ExtendedVersion/Themes/Urban/Prefabs/UrbanWall2.prefab
  artifactKey: Guid(c7d92b11117d20c4b8f481bf7f29a32c) Importer(2089858483,b0f066a214c2f5e87bad3c948f4d605d)
Start importing Assets/Roguelike2D/ExtendedVersion/Themes/Urban/Prefabs/UrbanWall2.prefab using Guid(c7d92b11117d20c4b8f481bf7f29a32c) Importer(2089858483,b0f066a214c2f5e87bad3c948f4d605d) (ScriptedImporter) -> (artifact id: '5c29b30b2b2eada373423afdb0f4975a') in 0.003540583 seconds
Number of updated asset objects reloaded before import = 0Number of asset objects unloaded after import = 9

========================================================================
Received Import Request.
  Time since last request: 0.000046 seconds.
  path: Assets/Roguelike2D/ExtendedVersion/Themes/Snow/Tiles/Scavengers2_SpriteSheet_36.asset
  artifactKey: Guid(ce04a046997c2574a86e97339cc5eb8f) Importer(2089858483,b0f066a214c2f5e87bad3c948f4d605d)
Start importing Assets/Roguelike2D/ExtendedVersion/Themes/Snow/Tiles/Scavengers2_SpriteSheet_36.asset using Guid(ce04a046997c2574a86e97339cc5eb8f) Importer(2089858483,b0f066a214c2f5e87bad3c948f4d605d) (ScriptedImporter) -> (artifact id: 'a8be8be7d57a92ce5d4c0058ce03b256') in 0.002798708 seconds
Number of updated asset objects reloaded before import = 0Number of asset objects unloaded after import = 2

========================================================================
Received Import Request.
  Time since last request: 0.000041 seconds.
  path: Assets/Roguelike2D/ExtendedVersion/Scripts/Data/WorldSettings.cs
  artifactKey: Guid(d935292a7063fac4cb021ccc99d1547b) Importer(2089858483,b0f066a214c2f5e87bad3c948f4d605d)
Start importing Assets/Roguelike2D/ExtendedVersion/Scripts/Data/WorldSettings.cs using Guid(d935292a7063fac4cb021ccc99d1547b) Importer(2089858483,b0f066a214c2f5e87bad3c948f4d605d) (ScriptedImporter) -> (artifact id: '3e090e48872ec1e5daab569ec419b4b0') in 0.002018042 seconds
Number of updated asset objects reloaded before import = 0Number of asset objects unloaded after import = 0

========================================================================
Received Import Request.
  Time since last request: 0.000044 seconds.
  path: Assets/Plugins/FMOD/src/Editor/EventRefDrawer.cs
  artifactKey: Guid(29a86a77bf7568e499243d9b47b7e88e) Importer(2089858483,b0f066a214c2f5e87bad3c948f4d605d)
Start importing Assets/Plugins/FMOD/src/Editor/EventRefDrawer.cs using Guid(29a86a77bf7568e499243d9b47b7e88e) Importer(2089858483,b0f066a214c2f5e87bad3c948f4d605d) (ScriptedImporter) -> (artifact id: '6ec84a7c2701de94d3836ed9de5d67e5') in 0.001964959 seconds
Number of updated asset objects reloaded before import = 0Number of asset objects unloaded after import = 0

========================================================================
Received Import Request.
  Time since last request: 0.000044 seconds.
  path: Assets/Roguelike2D/ExtendedVersion/Themes/Snow/SnowLevelEnemies.asset
  artifactKey: Guid(d54588d1292a2044f96e0b9182a478bf) Importer(2089858483,b0f066a214c2f5e87bad3c948f4d605d)
Start importing Assets/Roguelike2D/ExtendedVersion/Themes/Snow/SnowLevelEnemies.asset using Guid(d54588d1292a2044f96e0b9182a478bf) Importer(2089858483,b0f066a214c2f5e87bad3c948f4d605d) (ScriptedImporter) -> (artifact id: '21cb4026bd6ebf3b0942faef646eea34') in 0.003096 seconds
Number of updated asset objects reloaded before import = 0Number of asset objects unloaded after import = 21

========================================================================
Received Import Request.
  Time since last request: 0.000048 seconds.
  path: Assets/Plugins/FMOD/addons/ResonanceAudio/Scripts/FmodResonanceAudioRoom.cs
  artifactKey: Guid(6b0c5e63920ee4f55b7ec5248525af4b) Importer(2089858483,b0f066a214c2f5e87bad3c948f4d605d)
Start importing Assets/Plugins/FMOD/addons/ResonanceAudio/Scripts/FmodResonanceAudioRoom.cs using Guid(6b0c5e63920ee4f55b7ec5248525af4b) Importer(2089858483,b0f066a214c2f5e87bad3c948f4d605d) (ScriptedImporter) -> (artifact id: '1a97b17f6ec3b4b81cf1bde6de58c3fb') in 0.00180625 seconds
Number of updated asset objects reloaded before import = 0Number of asset objects unloaded after import = 0

========================================================================
Received Import Request.
  Time since last request: 0.000075 seconds.
  path: Assets/Roguelike2D/TutorialAssets/Sprites/SnowTheme2.png
  artifactKey: Guid(3678b32267ada854fb1cb398e21843c9) Importer(2089858483,b0f066a214c2f5e87bad3c948f4d605d)
Start importing Assets/Roguelike2D/TutorialAssets/Sprites/SnowTheme2.png using Guid(3678b32267ada854fb1cb398e21843c9) Importer(2089858483,b0f066a214c2f5e87bad3c948f4d605d) (ScriptedImporter) -> (artifact id: '5215bc953a53ae017327f8c2059540d4') in 0.012656958 seconds
Number of updated asset objects reloaded before import = 0Number of asset objects unloaded after import = 16

========================================================================
Received Import Request.
  Time since last request: 0.000048 seconds.
  path: Assets/Plugins/FMOD/platforms/uwp/lib/x86/fmodstudioL.dll
  artifactKey: Guid(43ab9a198caf2d841b813eb81e02486d) Importer(2089858483,b0f066a214c2f5e87bad3c948f4d605d)
Start importing Assets/Plugins/FMOD/platforms/uwp/lib/x86/fmodstudioL.dll using Guid(43ab9a198caf2d841b813eb81e02486d) Importer(2089858483,b0f066a214c2f5e87bad3c948f4d605d) (ScriptedImporter) -> (artifact id: '0808c11ec5c3e83150127f7698b977d5') in 0.001989542 seconds
Number of updated asset objects reloaded before import = 0Number of asset objects unloaded after import = 0

========================================================================
Received Import Request.
  Time since last request: 0.000061 seconds.
  path: Assets/Plugins/FMOD/platforms/html5/lib/3.1.39/libfmodstudio.a
  artifactKey: Guid(c74d44e6ba102764fb85c6dc1e6d4168) Importer(2089858483,b0f066a214c2f5e87bad3c948f4d605d)
Start importing Assets/Plugins/FMOD/platforms/html5/lib/3.1.39/libfmodstudio.a using Guid(c74d44e6ba102764fb85c6dc1e6d4168) Importer(2089858483,b0f066a214c2f5e87bad3c948f4d605d) (ScriptedImporter) -> (artifact id: '077730dd209e159193d37a65ffe72345') in 0.001911708 seconds
Number of updated asset objects reloaded before import = 0Number of asset objects unloaded after import = 0

========================================================================
Received Import Request.
  Time since last request: 0.000041 seconds.
  path: Assets/Plugins/FMOD/platforms/html5/lib/2.0.19/libfmodstudioL.a
  artifactKey: Guid(072de5b62d53c944fa2bae4cc3cd1754) Importer(2089858483,b0f066a214c2f5e87bad3c948f4d605d)
Start importing Assets/Plugins/FMOD/platforms/html5/lib/2.0.19/libfmodstudioL.a using Guid(072de5b62d53c944fa2bae4cc3cd1754) Importer(2089858483,b0f066a214c2f5e87bad3c948f4d605d) (ScriptedImporter) -> (artifact id: '2c9307fcf2a1d17910ef66a04ae854a0') in 0.002044291 seconds
Number of updated asset objects reloaded before import = 0Number of asset objects unloaded after import = 0

========================================================================
Received Import Request.
  Time since last request: 0.000064 seconds.
  path: Assets/Plugins/FMOD/platforms/linux/lib/x86_64/libfmodstudioL.so
  artifactKey: Guid(c521ab7432a094f2eb23938c08c15834) Importer(2089858483,b0f066a214c2f5e87bad3c948f4d605d)
Start importing Assets/Plugins/FMOD/platforms/linux/lib/x86_64/libfmodstudioL.so using Guid(c521ab7432a094f2eb23938c08c15834) Importer(2089858483,b0f066a214c2f5e87bad3c948f4d605d) (ScriptedImporter) -> (artifact id: '0f8b5eeac5f96d160a6c5535ec6c610b') in 0.002161167 seconds
Number of updated asset objects reloaded before import = 0Number of asset objects unloaded after import = 0

========================================================================
Received Import Request.
  Time since last request: 0.000072 seconds.
  path: Assets/Plugins/FMOD/platforms/uwp/lib/arm/fmodstudio.dll
  artifactKey: Guid(a7c1eb40b6cc0b8468c161b5ba9a6df6) Importer(2089858483,b0f066a214c2f5e87bad3c948f4d605d)
Start importing Assets/Plugins/FMOD/platforms/uwp/lib/arm/fmodstudio.dll using Guid(a7c1eb40b6cc0b8468c161b5ba9a6df6) Importer(2089858483,b0f066a214c2f5e87bad3c948f4d605d) (ScriptedImporter) -> (artifact id: '246d909bd8be58d398cb5652e30be02a') in 0.002202417 seconds
Number of updated asset objects reloaded before import = 0Number of asset objects unloaded after import = 0

========================================================================
Received Import Request.
  Time since last request: 0.000044 seconds.
  path: Assets/Plugins/FMOD/platforms/uwp/lib/x64/fmodL.dll
  artifactKey: Guid(d15f9d3e1089b114a8f625e994fea839) Importer(2089858483,b0f066a214c2f5e87bad3c948f4d605d)
Start importing Assets/Plugins/FMOD/platforms/uwp/lib/x64/fmodL.dll using Guid(d15f9d3e1089b114a8f625e994fea839) Importer(2089858483,b0f066a214c2f5e87bad3c948f4d605d) (ScriptedImporter) -> (artifact id: '11dac7d9f8e023aec581bbb93b8ced6d') in 0.002090083 seconds
Number of updated asset objects reloaded before import = 0Number of asset objects unloaded after import = 0

========================================================================
Received Import Request.
  Time since last request: 0.000037 seconds.
  path: Assets/Plugins/FMOD/platforms/uwp/lib/arm/fmod.dll
  artifactKey: Guid(907f4331811d73442b58d50627a775d4) Importer(2089858483,b0f066a214c2f5e87bad3c948f4d605d)
Start importing Assets/Plugins/FMOD/platforms/uwp/lib/arm/fmod.dll using Guid(907f4331811d73442b58d50627a775d4) Importer(2089858483,b0f066a214c2f5e87bad3c948f4d605d) (ScriptedImporter) -> (artifact id: '30078e9fba6ab0a9e34ba945498323a8') in 0.00210425 seconds
Number of updated asset objects reloaded before import = 0Number of asset objects unloaded after import = 0

========================================================================
Received Import Request.
  Time since last request: 0.000041 seconds.
  path: Assets/Plugins/FMOD/images/TransportStopButtonOn.png
  artifactKey: Guid(eab53cb0959d1244aadeacf8b76c755c) Importer(2089858483,b0f066a214c2f5e87bad3c948f4d605d)
Start importing Assets/Plugins/FMOD/images/TransportStopButtonOn.png using Guid(eab53cb0959d1244aadeacf8b76c755c) Importer(2089858483,b0f066a214c2f5e87bad3c948f4d605d) (ScriptedImporter) -> (artifact id: '287a59098b4bd790260ce3e581d0dc00') in 0.004697667 seconds
Number of updated asset objects reloaded before import = 0Number of asset objects unloaded after import = 1

========================================================================
Received Import Request.
  Time since last request: 0.000045 seconds.
  path: Assets/Roguelike2D/ExtendedVersion/Themes/Sand/Tiles/Assets_SpriteSheet3_0 2.asset
  artifactKey: Guid(04ed3c6306909b44cb276cf6dc99e98a) Importer(2089858483,b0f066a214c2f5e87bad3c948f4d605d)
Start importing Assets/Roguelike2D/ExtendedVersion/Themes/Sand/Tiles/Assets_SpriteSheet3_0 2.asset using Guid(04ed3c6306909b44cb276cf6dc99e98a) Importer(2089858483,b0f066a214c2f5e87bad3c948f4d605d) (ScriptedImporter) -> (artifact id: 'd6e178d96394c1e9b170376acfb0d4ff') in 0.002577334 seconds
Number of updated asset objects reloaded before import = 0Number of asset objects unloaded after import = 2

========================================================================
Received Import Request.
  Time since last request: 0.000043 seconds.
  path: Assets/Roguelike2D/ExtendedVersion/Themes/Sand/Prefabs/SandExitCell.prefab
  artifactKey: Guid(f44cb37e1b4e9be479ba76eb6119c075) Importer(2089858483,b0f066a214c2f5e87bad3c948f4d605d)
Start importing Assets/Roguelike2D/ExtendedVersion/Themes/Sand/Prefabs/SandExitCell.prefab using Guid(f44cb37e1b4e9be479ba76eb6119c075) Importer(2089858483,b0f066a214c2f5e87bad3c948f4d605d) (ScriptedImporter) -> (artifact id: '71ee86dd8646cee6310ce7476aba1c3d') in 0.002970708 seconds
Number of updated asset objects reloaded before import = 0Number of asset objects unloaded after import = 7

========================================================================
Received Import Request.
  Time since last request: 0.000048 seconds.
  path: Assets/Plugins/FMOD/platforms/uwp/lib/x86/fmodL.dll
  artifactKey: Guid(243e8fba07980f74b8d49ef345dadd64) Importer(2089858483,b0f066a214c2f5e87bad3c948f4d605d)
Start importing Assets/Plugins/FMOD/platforms/uwp/lib/x86/fmodL.dll using Guid(243e8fba07980f74b8d49ef345dadd64) Importer(2089858483,b0f066a214c2f5e87bad3c948f4d605d) (ScriptedImporter) -> (artifact id: 'b2e6b7a46526e29fe728ddea658d2e37') in 0.002110375 seconds
Number of updated asset objects reloaded before import = 0Number of asset objects unloaded after import = 0

========================================================================
Received Import Request.
  Time since last request: 0.000080 seconds.
  path: Assets/Roguelike2D/ExtendedVersion/UI/MainMenu.uxml
  artifactKey: Guid(9292d0443f1fecc45885959480fa784f) Importer(2089858483,b0f066a214c2f5e87bad3c948f4d605d)
Start importing Assets/Roguelike2D/ExtendedVersion/UI/MainMenu.uxml using Guid(9292d0443f1fecc45885959480fa784f) Importer(2089858483,b0f066a214c2f5e87bad3c948f4d605d) (ScriptedImporter) -> (artifact id: '9261aa86511da7ea5fb248e187a3f24c') in 0.041012125 seconds
Number of updated asset objects reloaded before import = 0Number of asset objects unloaded after import = 5

========================================================================
Received Import Request.
  Time since last request: 0.000090 seconds.
  path: Assets/Plugins/FMOD/platforms/html5/lib/3.1.8/libfmodstudioL.a
  artifactKey: Guid(8ba5025cbb9d0bf499e12351728e7679) Importer(2089858483,b0f066a214c2f5e87bad3c948f4d605d)
Start importing Assets/Plugins/FMOD/platforms/html5/lib/3.1.8/libfmodstudioL.a using Guid(8ba5025cbb9d0bf499e12351728e7679) Importer(2089858483,b0f066a214c2f5e87bad3c948f4d605d) (ScriptedImporter) -> (artifact id: 'e5e31f1761a5fb9859fd5f1b6c4a8554') in 0.002125667 seconds
Number of updated asset objects reloaded before import = 0Number of asset objects unloaded after import = 0

========================================================================
Received Import Request.
  Time since last request: 0.000048 seconds.
  path: Assets/Roguelike2D/TutorialAssets/Audio/enemy2.aif
  artifactKey: Guid(114514a3b3697484ebaa08f7fbf842d3) Importer(2089858483,b0f066a214c2f5e87bad3c948f4d605d)
Start importing Assets/Roguelike2D/TutorialAssets/Audio/enemy2.aif using Guid(114514a3b3697484ebaa08f7fbf842d3) Importer(2089858483,b0f066a214c2f5e87bad3c948f4d605d) (ScriptedImporter) -> (artifact id: '9718f31b769cec58e144e15f3a421e5e') in 0.007972208 seconds
Number of updated asset objects reloaded before import = 0Number of asset objects unloaded after import = 1

========================================================================
Received Import Request.
  Time since last request: 0.000042 seconds.
  path: Assets/Settings/UniversalRenderPipelineGlobalSettings.asset
  artifactKey: Guid(0ead069a0a323485a907bde1ceb5c362) Importer(2089858483,b0f066a214c2f5e87bad3c948f4d605d)
Start importing Assets/Settings/UniversalRenderPipelineGlobalSettings.asset using Guid(0ead069a0a323485a907bde1ceb5c362) Importer(2089858483,b0f066a214c2f5e87bad3c948f4d605d) (ScriptedImporter) -> (artifact id: '3464d354b3648f9d0f5a439cffb1dc96') in 0.015565125 seconds
Number of updated asset objects reloaded before import = 0Number of asset objects unloaded after import = 0

========================================================================
Received Import Request.
  Time since last request: 0.000047 seconds.
  path: Assets/Plugins/FMOD/platforms/html5/lib/3.1.39/libfmodstudioL.a
  artifactKey: Guid(aa0ee2b898faebd44b3b1def99fb7ab4) Importer(2089858483,b0f066a214c2f5e87bad3c948f4d605d)
Start importing Assets/Plugins/FMOD/platforms/html5/lib/3.1.39/libfmodstudioL.a using Guid(aa0ee2b898faebd44b3b1def99fb7ab4) Importer(2089858483,b0f066a214c2f5e87bad3c948f4d605d) (ScriptedImporter) -> (artifact id: '3a3eb29735443562ddccabe6c7831a7d') in 0.0019895 seconds
Number of updated asset objects reloaded before import = 0Number of asset objects unloaded after import = 0

========================================================================
Received Import Request.
  Time since last request: 0.000051 seconds.
  path: Assets/Plugins/FMOD/platforms/android/lib/x86/libfmodstudioL.so
  artifactKey: Guid(0975b093811db4e4e9e67bc483ad2299) Importer(2089858483,b0f066a214c2f5e87bad3c948f4d605d)
Start importing Assets/Plugins/FMOD/platforms/android/lib/x86/libfmodstudioL.so using Guid(0975b093811db4e4e9e67bc483ad2299) Importer(2089858483,b0f066a214c2f5e87bad3c948f4d605d) (ScriptedImporter) -> (artifact id: 'e223ac6a6fff430c7bef7f92b0d71b36') in 0.0018145 seconds
Number of updated asset objects reloaded before import = 0Number of asset objects unloaded after import = 0

========================================================================
Received Import Request.
  Time since last request: 0.000035 seconds.
  path: Assets/Roguelike2D/ExtendedVersion/Scripts/CellObjects/FoodDesertBurger.cs
  artifactKey: Guid(39b4abe3f7c084986a78df271c5017c5) Importer(2089858483,b0f066a214c2f5e87bad3c948f4d605d)
Start importing Assets/Roguelike2D/ExtendedVersion/Scripts/CellObjects/FoodDesertBurger.cs using Guid(39b4abe3f7c084986a78df271c5017c5) Importer(2089858483,b0f066a214c2f5e87bad3c948f4d605d) (ScriptedImporter) -> (artifact id: '48f630334de6e85195fba50ac9e46535') in 0.001820167 seconds
Number of updated asset objects reloaded before import = 0Number of asset objects unloaded after import = 0

========================================================================
Received Import Request.
  Time since last request: 0.000042 seconds.
  path: Assets/Plugins/FMOD/src/Editor/StudioBankLoaderEditor.cs
  artifactKey: Guid(f7f61e03a350e1e428dba6c562f3d64a) Importer(2089858483,b0f066a214c2f5e87bad3c948f4d605d)
Start importing Assets/Plugins/FMOD/src/Editor/StudioBankLoaderEditor.cs using Guid(f7f61e03a350e1e428dba6c562f3d64a) Importer(2089858483,b0f066a214c2f5e87bad3c948f4d605d) (ScriptedImporter) -> (artifact id: '7cdeb1d7b0cd57650131a5e2da59ab11') in 0.001959291 seconds
Number of updated asset objects reloaded before import = 0Number of asset objects unloaded after import = 0

========================================================================
Received Import Request.
  Time since last request: 0.000044 seconds.
  path: Assets/Roguelike2D/ExtendedVersion/Themes/Snow/Animation/SnowEnemy2/Snow_Enemy2_Hit.anim
  artifactKey: Guid(156ae526c3519d644a1fe9ddd167ef5b) Importer(2089858483,b0f066a214c2f5e87bad3c948f4d605d)
Start importing Assets/Roguelike2D/ExtendedVersion/Themes/Snow/Animation/SnowEnemy2/Snow_Enemy2_Hit.anim using Guid(156ae526c3519d644a1fe9ddd167ef5b) Importer(2089858483,b0f066a214c2f5e87bad3c948f4d605d) (ScriptedImporter) -> (artifact id: '7cd5ea29e917b14b21694e71c823ab7b') in 0.007208875 seconds
Number of updated asset objects reloaded before import = 0Number of asset objects unloaded after import = 1

========================================================================
Received Import Request.
  Time since last request: 0.000040 seconds.
  path: Assets/Roguelike2D/ExtendedVersion/Themes/Sand/Animation/SandEnemy2/Sand_Enemy2_Controller.controller
  artifactKey: Guid(293066e5a091b9c4985b2c8a0a4ea691) Importer(2089858483,b0f066a214c2f5e87bad3c948f4d605d)
Start importing Assets/Roguelike2D/ExtendedVersion/Themes/Sand/Animation/SandEnemy2/Sand_Enemy2_Controller.controller using Guid(293066e5a091b9c4985b2c8a0a4ea691) Importer(2089858483,b0f066a214c2f5e87bad3c948f4d605d) (ScriptedImporter) -> (artifact id: '0fb76bd30c4651bdeabbf6812253aeab') in 0.002819875 seconds
Number of updated asset objects reloaded before import = 0Number of asset objects unloaded after import = 16

========================================================================
Received Import Request.
  Time since last request: 0.000058 seconds.
  path: Assets/Roguelike2D/ExtendedVersion/Themes/Sand/Animation/SandEnemy1/Sand_Enemy1_Controller.controller
  artifactKey: Guid(88347452f0632ec43ab78436f0da6043) Importer(2089858483,b0f066a214c2f5e87bad3c948f4d605d)
Start importing Assets/Roguelike2D/ExtendedVersion/Themes/Sand/Animation/SandEnemy1/Sand_Enemy1_Controller.controller using Guid(88347452f0632ec43ab78436f0da6043) Importer(2089858483,b0f066a214c2f5e87bad3c948f4d605d) (ScriptedImporter) -> (artifact id: '29e7afd3a38289ece70f814e7a7baae4') in 0.002993417 seconds
Number of updated asset objects reloaded before import = 0Number of asset objects unloaded after import = 16

========================================================================
Received Import Request.
  Time since last request: 0.000036 seconds.
  path: Assets/Roguelike2D/ExtendedVersion/Themes/Snow/Animation/SnowEnemy1/Snow_Enemy1_Controller.controller
  artifactKey: Guid(661f89be1f5c30d40a4938b6446110e0) Importer(2089858483,b0f066a214c2f5e87bad3c948f4d605d)
Start importing Assets/Roguelike2D/ExtendedVersion/Themes/Snow/Animation/SnowEnemy1/Snow_Enemy1_Controller.controller using Guid(661f89be1f5c30d40a4938b6446110e0) Importer(2089858483,b0f066a214c2f5e87bad3c948f4d605d) (ScriptedImporter) -> (artifact id: '8982df926be2ff72c446452d2bef9639') in 0.00286225 seconds
Number of updated asset objects reloaded before import = 0Number of asset objects unloaded after import = 16

========================================================================
Received Import Request.
  Time since last request: 0.000045 seconds.
  path: Assets/Roguelike2D/ExtendedVersion/Themes/Urban/Animation/UrbanEnemy1/Scavengers2_SpriteSheet_1.controller
  artifactKey: Guid(b0e06100951324a338035202ca3a9207) Importer(2089858483,b0f066a214c2f5e87bad3c948f4d605d)
Start importing Assets/Roguelike2D/ExtendedVersion/Themes/Urban/Animation/UrbanEnemy1/Scavengers2_SpriteSheet_1.controller using Guid(b0e06100951324a338035202ca3a9207) Importer(2089858483,b0f066a214c2f5e87bad3c948f4d605d) (ScriptedImporter) -> (artifact id: 'c762805086065efa7b7206146f483d3d') in 0.002252709 seconds
Number of updated asset objects reloaded before import = 0Number of asset objects unloaded after import = 4

========================================================================
Received Import Request.
  Time since last request: 0.000052 seconds.
  path: Assets/Roguelike2D/ExtendedVersion/Themes/Urban/Animation/UrbanEnemy1/UrbanEnemy1Hit.anim
  artifactKey: Guid(83bb55da2d842c2418748398f9becaab) Importer(2089858483,b0f066a214c2f5e87bad3c948f4d605d)
Start importing Assets/Roguelike2D/ExtendedVersion/Themes/Urban/Animation/UrbanEnemy1/UrbanEnemy1Hit.anim using Guid(83bb55da2d842c2418748398f9becaab) Importer(2089858483,b0f066a214c2f5e87bad3c948f4d605d) (ScriptedImporter) -> (artifact id: '1031fc032d2ad6fac088989f3a4e7453') in 0.002456583 seconds
Number of updated asset objects reloaded before import = 0Number of asset objects unloaded after import = 1

========================================================================
Received Import Request.
  Time since last request: 0.000050 seconds.
  path: Assets/Roguelike2D/ExtendedVersion/Themes/Sand/Animation/SandEnemy1/Sand_Enemy1_Attack.anim
  artifactKey: Guid(fed905816c73a1346950f8fc4ad9f4fd) Importer(2089858483,b0f066a214c2f5e87bad3c948f4d605d)
Start importing Assets/Roguelike2D/ExtendedVersion/Themes/Sand/Animation/SandEnemy1/Sand_Enemy1_Attack.anim using Guid(fed905816c73a1346950f8fc4ad9f4fd) Importer(2089858483,b0f066a214c2f5e87bad3c948f4d605d) (ScriptedImporter) -> (artifact id: 'e0b8e1d3bec141d3113256a3e1a0dae0') in 0.004158917 seconds
Number of updated asset objects reloaded before import = 0Number of asset objects unloaded after import = 1

========================================================================
Received Import Request.
  Time since last request: 0.000052 seconds.
  path: Assets/Roguelike2D/ExtendedVersion/Themes/Snow/Animation/SnowEnemy1/Snow_Enemy1_Hit.anim
  artifactKey: Guid(93caa911d1a779349af36de540234234) Importer(2089858483,b0f066a214c2f5e87bad3c948f4d605d)
Start importing Assets/Roguelike2D/ExtendedVersion/Themes/Snow/Animation/SnowEnemy1/Snow_Enemy1_Hit.anim using Guid(93caa911d1a779349af36de540234234) Importer(2089858483,b0f066a214c2f5e87bad3c948f4d605d) (ScriptedImporter) -> (artifact id: '87716da08e9ddce6f0a49cbf5a6cb91d') in 0.00245575 seconds
Number of updated asset objects reloaded before import = 0Number of asset objects unloaded after import = 1

========================================================================
Received Import Request.
  Time since last request: 0.000064 seconds.
  path: Assets/Roguelike2D/TutorialVersion/Scripts/BoardManager.cs
  artifactKey: Guid(0570fd4c245dd894b87fc49d4efc1ed2) Importer(2089858483,b0f066a214c2f5e87bad3c948f4d605d)
Start importing Assets/Roguelike2D/TutorialVersion/Scripts/BoardManager.cs using Guid(0570fd4c245dd894b87fc49d4efc1ed2) Importer(2089858483,b0f066a214c2f5e87bad3c948f4d605d) (ScriptedImporter) -> (artifact id: '578d9de2132baf2e5995175a14165513') in 0.001841042 seconds
Number of updated asset objects reloaded before import = 0Number of asset objects unloaded after import = 0

========================================================================
Received Import Request.
  Time since last request: 0.000045 seconds.
  path: Assets/Plugins/FMOD/images/CopyIcon.png
  artifactKey: Guid(6e164dcb85fc8ad4b9ab2f1e883862d2) Importer(2089858483,b0f066a214c2f5e87bad3c948f4d605d)
Start importing Assets/Plugins/FMOD/images/CopyIcon.png using Guid(6e164dcb85fc8ad4b9ab2f1e883862d2) Importer(2089858483,b0f066a214c2f5e87bad3c948f4d605d) (ScriptedImporter) -> (artifact id: '9c6c35fa4f2046c385ea214c4ba7a899') in 0.004670792 seconds
Number of updated asset objects reloaded before import = 0Number of asset objects unloaded after import = 1

========================================================================
Received Import Request.
  Time since last request: 0.000055 seconds.
  path: Assets/Roguelike2D/ExtendedVersion/Scripts/TurnManager.cs
  artifactKey: Guid(670a30a0e81994cfeac97d2c11faeb13) Importer(2089858483,b0f066a214c2f5e87bad3c948f4d605d)
Start importing Assets/Roguelike2D/ExtendedVersion/Scripts/TurnManager.cs using Guid(670a30a0e81994cfeac97d2c11faeb13) Importer(2089858483,b0f066a214c2f5e87bad3c948f4d605d) (ScriptedImporter) -> (artifact id: '977ab9b7495cc2337675351ab5b63c8f') in 0.001772208 seconds
Number of updated asset objects reloaded before import = 0Number of asset objects unloaded after import = 0

========================================================================
Received Import Request.
  Time since last request: 0.000043 seconds.
  path: Assets/Roguelike2D/ExtendedVersion/Themes/Snow/Tiles/Scavengers2_SpriteSheet_37.asset
  artifactKey: Guid(7d5240f597d970a4aa7bdf9aeaa0d8fa) Importer(2089858483,b0f066a214c2f5e87bad3c948f4d605d)
Start importing Assets/Roguelike2D/ExtendedVersion/Themes/Snow/Tiles/Scavengers2_SpriteSheet_37.asset using Guid(7d5240f597d970a4aa7bdf9aeaa0d8fa) Importer(2089858483,b0f066a214c2f5e87bad3c948f4d605d) (ScriptedImporter) -> (artifact id: '752a2e7cad3bf202f20fcc900291adce') in 0.002688875 seconds
Number of updated asset objects reloaded before import = 0Number of asset objects unloaded after import = 2

========================================================================
Received Import Request.
  Time since last request: 0.000038 seconds.
  path: Assets/Plugins/FMOD/images/FMODLogoBlack.png
  artifactKey: Guid(36e46b3c334e47e41a0b4ff2f26905ea) Importer(2089858483,b0f066a214c2f5e87bad3c948f4d605d)
Start importing Assets/Plugins/FMOD/images/FMODLogoBlack.png using Guid(36e46b3c334e47e41a0b4ff2f26905ea) Importer(2089858483,b0f066a214c2f5e87bad3c948f4d605d) (ScriptedImporter) -> (artifact id: 'f1aa715eb41b1047127170b5e2678900') in 0.004767208 seconds
Number of updated asset objects reloaded before import = 0Number of asset objects unloaded after import = 1

========================================================================
Received Import Request.
  Time since last request: 0.000036 seconds.
  path: Assets/Roguelike2D/ExtendedVersion/Themes/Sand/Animation/SandEnemy1/Sand_Enemy1_Idle.anim
  artifactKey: Guid(13d3390968ad95d4daf20c300a7e9f57) Importer(2089858483,b0f066a214c2f5e87bad3c948f4d605d)
Start importing Assets/Roguelike2D/ExtendedVersion/Themes/Sand/Animation/SandEnemy1/Sand_Enemy1_Idle.anim using Guid(13d3390968ad95d4daf20c300a7e9f57) Importer(2089858483,b0f066a214c2f5e87bad3c948f4d605d) (ScriptedImporter) -> (artifact id: 'a5cb0b48d767aca31e8f6d1f211740d3') in 0.002221125 seconds
Number of updated asset objects reloaded before import = 0Number of asset objects unloaded after import = 1

========================================================================
Received Import Request.
  Time since last request: 0.000042 seconds.
  path: Assets/Roguelike2D/ExtendedVersion/Themes/Snow/Animation/SnowEnemy2/Snow_Enemy2_Controller.controller
  artifactKey: Guid(2b828f5f2ac47df4bb784a11dfcc4758) Importer(2089858483,b0f066a214c2f5e87bad3c948f4d605d)
Start importing Assets/Roguelike2D/ExtendedVersion/Themes/Snow/Animation/SnowEnemy2/Snow_Enemy2_Controller.controller using Guid(2b828f5f2ac47df4bb784a11dfcc4758) Importer(2089858483,b0f066a214c2f5e87bad3c948f4d605d) (ScriptedImporter) -> (artifact id: '9d72077bfa9f911704fad090a3b957b6') in 0.002766917 seconds
Number of updated asset objects reloaded before import = 0Number of asset objects unloaded after import = 16

========================================================================
Received Import Request.
  Time since last request: 0.000053 seconds.
  path: Assets/Plugins/FMOD/platforms/android/lib/x86_64/libfmodstudioL.so
  artifactKey: Guid(9a5fc9953c8c261488bf0cb6c202e04b) Importer(2089858483,b0f066a214c2f5e87bad3c948f4d605d)
Start importing Assets/Plugins/FMOD/platforms/android/lib/x86_64/libfmodstudioL.so using Guid(9a5fc9953c8c261488bf0cb6c202e04b) Importer(2089858483,b0f066a214c2f5e87bad3c948f4d605d) (ScriptedImporter) -> (artifact id: '7a2bab5eba19a41c1322cd79b5e8fa8b') in 0.002024708 seconds
Number of updated asset objects reloaded before import = 0Number of asset objects unloaded after import = 0

========================================================================
Received Import Request.
  Time since last request: 0.000075 seconds.
  path: Assets/Roguelike2D/ExtendedVersion/Themes/Snow/Animation/SnowPlayer/SnowPlayerWalk.anim
  artifactKey: Guid(82b2e689ab8c69542a99249f8a4db12a) Importer(2089858483,b0f066a214c2f5e87bad3c948f4d605d)
Start importing Assets/Roguelike2D/ExtendedVersion/Themes/Snow/Animation/SnowPlayer/SnowPlayerWalk.anim using Guid(82b2e689ab8c69542a99249f8a4db12a) Importer(2089858483,b0f066a214c2f5e87bad3c948f4d605d) (ScriptedImporter) -> (artifact id: '5b7af41bc273113673d1f5255ec62b42') in 0.002421958 seconds
Number of updated asset objects reloaded before import = 0Number of asset objects unloaded after import = 1

========================================================================
Received Import Request.
  Time since last request: 0.000048 seconds.
  path: Assets/Plugins/FMOD/platforms/android/lib/arm64-v8a/libfmodstudio.so
  artifactKey: Guid(e4d6c68823f34e440bfe4e4ecba4c113) Importer(2089858483,b0f066a214c2f5e87bad3c948f4d605d)
Start importing Assets/Plugins/FMOD/platforms/android/lib/arm64-v8a/libfmodstudio.so using Guid(e4d6c68823f34e440bfe4e4ecba4c113) Importer(2089858483,b0f066a214c2f5e87bad3c948f4d605d) (ScriptedImporter) -> (artifact id: '6ed5a0465672f3b694c674de25d93189') in 0.002278042 seconds
Number of updated asset objects reloaded before import = 0Number of asset objects unloaded after import = 0

========================================================================
Received Import Request.
  Time since last request: 0.000045 seconds.
  path: Assets/Roguelike2D/ExtendedVersion/Themes/Urban/Animation/UrbanEnemy1/UrbanEnemy1Attack.anim
  artifactKey: Guid(a55c91cda6b108b48aa1b049c9457809) Importer(2089858483,b0f066a214c2f5e87bad3c948f4d605d)
Start importing Assets/Roguelike2D/ExtendedVersion/Themes/Urban/Animation/UrbanEnemy1/UrbanEnemy1Attack.anim using Guid(a55c91cda6b108b48aa1b049c9457809) Importer(2089858483,b0f066a214c2f5e87bad3c948f4d605d) (ScriptedImporter) -> (artifact id: 'a0683ff69d89ad26565c5eaa035be0e8') in 0.00215625 seconds
Number of updated asset objects reloaded before import = 0Number of asset objects unloaded after import = 1

========================================================================
Received Import Request.
  Time since last request: 0.000051 seconds.
  path: Assets/Plugins/FMOD/platforms/win/lib/x86_64/resonanceaudio.dll
  artifactKey: Guid(4c8fb9b92ea2eae4f9112a3941c4f128) Importer(2089858483,b0f066a214c2f5e87bad3c948f4d605d)
Start importing Assets/Plugins/FMOD/platforms/win/lib/x86_64/resonanceaudio.dll using Guid(4c8fb9b92ea2eae4f9112a3941c4f128) Importer(2089858483,b0f066a214c2f5e87bad3c948f4d605d) (ScriptedImporter) -> (artifact id: 'eb720198c55db3f90e27b84e620eaabd') in 0.001990708 seconds
Number of updated asset objects reloaded before import = 0Number of asset objects unloaded after import = 0

========================================================================
Received Import Request.
  Time since last request: 0.000048 seconds.
  path: Assets/Roguelike2D/ExtendedVersion/Themes/Snow/Animation/SnowEnemy1/Snow_Enemy1_Idle.anim
  artifactKey: Guid(b6242f219b082df4c8e64d3ad9d470ac) Importer(2089858483,b0f066a214c2f5e87bad3c948f4d605d)
Start importing Assets/Roguelike2D/ExtendedVersion/Themes/Snow/Animation/SnowEnemy1/Snow_Enemy1_Idle.anim using Guid(b6242f219b082df4c8e64d3ad9d470ac) Importer(2089858483,b0f066a214c2f5e87bad3c948f4d605d) (ScriptedImporter) -> (artifact id: '46f863529486cd1f2fc2b10f0b618c57') in 0.00238875 seconds
Number of updated asset objects reloaded before import = 0Number of asset objects unloaded after import = 1

========================================================================
Received Import Request.
  Time since last request: 0.000038 seconds.
  path: Assets/Plugins/FMOD/platforms/uwp/lib/x86/fmodstudio.dll
  artifactKey: Guid(ecb0cc0019197154b9baeef623b6ec0a) Importer(2089858483,b0f066a214c2f5e87bad3c948f4d605d)
Start importing Assets/Plugins/FMOD/platforms/uwp/lib/x86/fmodstudio.dll using Guid(ecb0cc0019197154b9baeef623b6ec0a) Importer(2089858483,b0f066a214c2f5e87bad3c948f4d605d) (ScriptedImporter) -> (artifact id: '476b7e9cc73c6dbc53047bba4c0d4a26') in 0.00195125 seconds
Number of updated asset objects reloaded before import = 0Number of asset objects unloaded after import = 0

========================================================================
Received Import Request.
  Time since last request: 0.000052 seconds.
  path: Assets/Roguelike2D/ExtendedVersion/Themes/Urban/Animation/UrbanEnemy1/UrbanEnemy1idle.anim
  artifactKey: Guid(69ad004c3c8a9f04d8033ddd84303504) Importer(2089858483,b0f066a214c2f5e87bad3c948f4d605d)
Start importing Assets/Roguelike2D/ExtendedVersion/Themes/Urban/Animation/UrbanEnemy1/UrbanEnemy1idle.anim using Guid(69ad004c3c8a9f04d8033ddd84303504) Importer(2089858483,b0f066a214c2f5e87bad3c948f4d605d) (ScriptedImporter) -> (artifact id: '9f19853bde12aac7915bb3cff0398786') in 0.0023685 seconds
Number of updated asset objects reloaded before import = 0Number of asset objects unloaded after import = 1

========================================================================
Received Import Request.
  Time since last request: 0.000125 seconds.
  path: Assets/Roguelike2D/ExtendedVersion/Themes/Urban/Animation/UrbanEnemy2/Scavengers2_SpriteSheet_5.controller
  artifactKey: Guid(0d194daa087a149ff8dc511efbd0f83b) Importer(2089858483,b0f066a214c2f5e87bad3c948f4d605d)
Start importing Assets/Roguelike2D/ExtendedVersion/Themes/Urban/Animation/UrbanEnemy2/Scavengers2_SpriteSheet_5.controller using Guid(0d194daa087a149ff8dc511efbd0f83b) Importer(2089858483,b0f066a214c2f5e87bad3c948f4d605d) (ScriptedImporter) -> (artifact id: 'd551211785fe24178273258e34299c1d') in 0.002659458 seconds
Number of updated asset objects reloaded before import = 0Number of asset objects unloaded after import = 4

========================================================================
Received Import Request.
  Time since last request: 0.000060 seconds.
  path: Assets/Roguelike2D/ExtendedVersion/Themes/Urban/Animation/UrbanPlayer/UrbanScavengerHit.anim
  artifactKey: Guid(403ac5cac1e1b489d8feb3629dac18ba) Importer(2089858483,b0f066a214c2f5e87bad3c948f4d605d)
Start importing Assets/Roguelike2D/ExtendedVersion/Themes/Urban/Animation/UrbanPlayer/UrbanScavengerHit.anim using Guid(403ac5cac1e1b489d8feb3629dac18ba) Importer(2089858483,b0f066a214c2f5e87bad3c948f4d605d) (ScriptedImporter) -> (artifact id: 'e40e600f5580ed5b4a5f12f99e2bd83a') in 0.002299625 seconds
Number of updated asset objects reloaded before import = 0Number of asset objects unloaded after import = 1

========================================================================
Received Import Request.
  Time since last request: 0.000045 seconds.
  path: Assets/Roguelike2D/ExtendedVersion/Themes/Urban/Animation/UrbanEnemy1/UrbanEnemy1Walking.anim
  artifactKey: Guid(215525a6d13832b4b9cdbe38fc8e0396) Importer(2089858483,b0f066a214c2f5e87bad3c948f4d605d)
Start importing Assets/Roguelike2D/ExtendedVersion/Themes/Urban/Animation/UrbanEnemy1/UrbanEnemy1Walking.anim using Guid(215525a6d13832b4b9cdbe38fc8e0396) Importer(2089858483,b0f066a214c2f5e87bad3c948f4d605d) (ScriptedImporter) -> (artifact id: '463e8d120278b6088ec37014931f5fed') in 0.003468417 seconds
Number of updated asset objects reloaded before import = 0Number of asset objects unloaded after import = 1

========================================================================
Received Import Request.
  Time since last request: 0.000113 seconds.
  path: Assets/Roguelike2D/ExtendedVersion/Themes/Urban/Animation/UrbanPlayer/UrbanScavengerAttack.anim
  artifactKey: Guid(64a30ac9d712b314887fedf4378bab57) Importer(2089858483,b0f066a214c2f5e87bad3c948f4d605d)
Start importing Assets/Roguelike2D/ExtendedVersion/Themes/Urban/Animation/UrbanPlayer/UrbanScavengerAttack.anim using Guid(64a30ac9d712b314887fedf4378bab57) Importer(2089858483,b0f066a214c2f5e87bad3c948f4d605d) (ScriptedImporter) -> (artifact id: '1326274c8b15e99e469e3d40d24c858f') in 0.002434833 seconds
Number of updated asset objects reloaded before import = 0Number of asset objects unloaded after import = 1

========================================================================
Received Import Request.
  Time since last request: 0.000111 seconds.
  path: Assets/Roguelike2D/ExtendedVersion/Themes/Urban/Animation/UrbanPlayer/UrbanScavengerIdle.anim
  artifactKey: Guid(0ffa93b3bc5c83b4a80a15641c9532cd) Importer(2089858483,b0f066a214c2f5e87bad3c948f4d605d)
Start importing Assets/Roguelike2D/ExtendedVersion/Themes/Urban/Animation/UrbanPlayer/UrbanScavengerIdle.anim using Guid(0ffa93b3bc5c83b4a80a15641c9532cd) Importer(2089858483,b0f066a214c2f5e87bad3c948f4d605d) (ScriptedImporter) -> (artifact id: '0c811061e9be6f6866d60451ef585485') in 0.002532417 seconds
Number of updated asset objects reloaded before import = 0Number of asset objects unloaded after import = 1

========================================================================
Received Import Request.
  Time since last request: 0.000054 seconds.
  path: Assets/Roguelike2D/ExtendedVersion/Themes/Snow/Animation/SnowEnemy1/Snow_Enemy1_Attack.anim
  artifactKey: Guid(06f66fad4f233914ea33fab0c9385356) Importer(2089858483,b0f066a214c2f5e87bad3c948f4d605d)
Start importing Assets/Roguelike2D/ExtendedVersion/Themes/Snow/Animation/SnowEnemy1/Snow_Enemy1_Attack.anim using Guid(06f66fad4f233914ea33fab0c9385356) Importer(2089858483,b0f066a214c2f5e87bad3c948f4d605d) (ScriptedImporter) -> (artifact id: '0a53328033b65f46cd89f8e9aa7e6dc9') in 0.002547625 seconds
Number of updated asset objects reloaded before import = 0Number of asset objects unloaded after import = 1

========================================================================
Received Import Request.
  Time since last request: 0.000057 seconds.
  path: Assets/Roguelike2D/ExtendedVersion/Themes/Snow/Animation/SnowPlayer/SnowPlayerHit.anim
  artifactKey: Guid(74577fcd5bdff1341bc181f5d896a4a0) Importer(2089858483,b0f066a214c2f5e87bad3c948f4d605d)
Start importing Assets/Roguelike2D/ExtendedVersion/Themes/Snow/Animation/SnowPlayer/SnowPlayerHit.anim using Guid(74577fcd5bdff1341bc181f5d896a4a0) Importer(2089858483,b0f066a214c2f5e87bad3c948f4d605d) (ScriptedImporter) -> (artifact id: '1f32d2634b2f9ee90f04606395ec5b94') in 0.002399041 seconds
Number of updated asset objects reloaded before import = 0Number of asset objects unloaded after import = 1

========================================================================
Received Import Request.
  Time since last request: 0.000033 seconds.
  path: Assets/Plugins/FMOD/platforms/android/lib/armeabi-v7a/libfmodL.so
  artifactKey: Guid(0e95029f987dfa248934eaa63745b504) Importer(2089858483,b0f066a214c2f5e87bad3c948f4d605d)
Start importing Assets/Plugins/FMOD/platforms/android/lib/armeabi-v7a/libfmodL.so using Guid(0e95029f987dfa248934eaa63745b504) Importer(2089858483,b0f066a214c2f5e87bad3c948f4d605d) (ScriptedImporter) -> (artifact id: 'c8c27a9f00e7d8db8999c06fc9e2de2d') in 0.001963917 seconds
Number of updated asset objects reloaded before import = 0Number of asset objects unloaded after import = 0

========================================================================
Received Import Request.
  Time since last request: 0.000054 seconds.
  path: Assets/Plugins/FMOD/platforms/win/lib/x86/fmodstudio.dll
  artifactKey: Guid(1550e5c882b8c2445a1f14f8b1b23d41) Importer(2089858483,b0f066a214c2f5e87bad3c948f4d605d)
Start importing Assets/Plugins/FMOD/platforms/win/lib/x86/fmodstudio.dll using Guid(1550e5c882b8c2445a1f14f8b1b23d41) Importer(2089858483,b0f066a214c2f5e87bad3c948f4d605d) (ScriptedImporter) -> (artifact id: '37586e932a2e1c681a2999ca258f8b7e') in 0.002358208 seconds
Number of updated asset objects reloaded before import = 0Number of asset objects unloaded after import = 0

========================================================================
Received Import Request.
  Time since last request: 0.000045 seconds.
  path: Assets/Roguelike2D/ExtendedVersion/Themes/Sand/Animation/SandEnemy2/Sand_Enemy2_Hit.anim
  artifactKey: Guid(5e13d115f3087e64ebef14febfe5896f) Importer(2089858483,b0f066a214c2f5e87bad3c948f4d605d)
Start importing Assets/Roguelike2D/ExtendedVersion/Themes/Sand/Animation/SandEnemy2/Sand_Enemy2_Hit.anim using Guid(5e13d115f3087e64ebef14febfe5896f) Importer(2089858483,b0f066a214c2f5e87bad3c948f4d605d) (ScriptedImporter) -> (artifact id: 'f794f4c68871a4cc2b655b423da94c6c') in 0.002702209 seconds
Number of updated asset objects reloaded before import = 0Number of asset objects unloaded after import = 1

========================================================================
Received Import Request.
  Time since last request: 0.000056 seconds.
  path: Assets/Plugins/FMOD/platforms/win/lib/x86_64/fmodstudio.dll
  artifactKey: Guid(684d4d47a018ed14080e15f4c99b8e86) Importer(2089858483,b0f066a214c2f5e87bad3c948f4d605d)
Start importing Assets/Plugins/FMOD/platforms/win/lib/x86_64/fmodstudio.dll using Guid(684d4d47a018ed14080e15f4c99b8e86) Importer(2089858483,b0f066a214c2f5e87bad3c948f4d605d) (ScriptedImporter) -> (artifact id: '07d00b9f811db753aa2a678828217497') in 0.002074958 seconds
Number of updated asset objects reloaded before import = 0Number of asset objects unloaded after import = 0

========================================================================
Received Import Request.
  Time since last request: 0.000081 seconds.
  path: Assets/Plugins/FMOD/platforms/html5/lib/3.1.8/libfmodstudio.a
  artifactKey: Guid(e52d91a08688cb04695051b8a87a82bd) Importer(2089858483,b0f066a214c2f5e87bad3c948f4d605d)
Start importing Assets/Plugins/FMOD/platforms/html5/lib/3.1.8/libfmodstudio.a using Guid(e52d91a08688cb04695051b8a87a82bd) Importer(2089858483,b0f066a214c2f5e87bad3c948f4d605d) (ScriptedImporter) -> (artifact id: 'ea92b0c2b352ab0d356ad4402e6bb7e0') in 0.001927875 seconds
Number of updated asset objects reloaded before import = 0Number of asset objects unloaded after import = 0

========================================================================
Received Import Request.
  Time since last request: 0.000060 seconds.
  path: Assets/Roguelike2D/ExtendedVersion/Themes/Sand/Animation/SandPlayer/SandPlayerHit.anim
  artifactKey: Guid(f59dc747f016e0b478b72dc4c39e505c) Importer(2089858483,b0f066a214c2f5e87bad3c948f4d605d)
Start importing Assets/Roguelike2D/ExtendedVersion/Themes/Sand/Animation/SandPlayer/SandPlayerHit.anim using Guid(f59dc747f016e0b478b72dc4c39e505c) Importer(2089858483,b0f066a214c2f5e87bad3c948f4d605d) (ScriptedImporter) -> (artifact id: '4f168b5391f8e475d13c863552ff5d2d') in 0.002543541 seconds
Number of updated asset objects reloaded before import = 0Number of asset objects unloaded after import = 1

========================================================================
Received Import Request.
  Time since last request: 0.000070 seconds.
  path: Assets/Roguelike2D/ExtendedVersion/Themes/Sand/Tiles/Scavengers2_SpriteSheet_28 1.asset
  artifactKey: Guid(433280a3b62829d4f802d688120962a2) Importer(2089858483,b0f066a214c2f5e87bad3c948f4d605d)
Start importing Assets/Roguelike2D/ExtendedVersion/Themes/Sand/Tiles/Scavengers2_SpriteSheet_28 1.asset using Guid(433280a3b62829d4f802d688120962a2) Importer(2089858483,b0f066a214c2f5e87bad3c948f4d605d) (ScriptedImporter) -> (artifact id: 'f5a42dd7ef29d9eaed09cf41a53f9306') in 0.002876333 seconds
Number of updated asset objects reloaded before import = 0Number of asset objects unloaded after import = 2

========================================================================
Received Import Request.
  Time since last request: 0.000061 seconds.
  path: Assets/Roguelike2D/ExtendedVersion/Themes/Snow/Animation/SnowEnemy1/Snow_Enemy1_Walk.anim
  artifactKey: Guid(8d1a8643da710884d9ac167c1d4dd4c1) Importer(2089858483,b0f066a214c2f5e87bad3c948f4d605d)
Start importing Assets/Roguelike2D/ExtendedVersion/Themes/Snow/Animation/SnowEnemy1/Snow_Enemy1_Walk.anim using Guid(8d1a8643da710884d9ac167c1d4dd4c1) Importer(2089858483,b0f066a214c2f5e87bad3c948f4d605d) (ScriptedImporter) -> (artifact id: '62b7a290f71b3e375c0ebc12c3be9eff') in 0.0026945 seconds
Number of updated asset objects reloaded before import = 0Number of asset objects unloaded after import = 1

========================================================================
Received Import Request.
  Time since last request: 0.000074 seconds.
  path: Assets/Roguelike2D/TutorialVersion/Scripts/TurnManager.cs
  artifactKey: Guid(3fda9af319723a34cb7ed30dff3c072b) Importer(2089858483,b0f066a214c2f5e87bad3c948f4d605d)
Start importing Assets/Roguelike2D/TutorialVersion/Scripts/TurnManager.cs using Guid(3fda9af319723a34cb7ed30dff3c072b) Importer(2089858483,b0f066a214c2f5e87bad3c948f4d605d) (ScriptedImporter) -> (artifact id: '9f932a8a1d262d5a7a140a4c68e6d9f1') in 0.001770792 seconds
Number of updated asset objects reloaded before import = 0Number of asset objects unloaded after import = 0

========================================================================
Received Import Request.
  Time since last request: 0.000041 seconds.
  path: Assets/Plugins/FMOD/FMODUnity.asmdef
  artifactKey: Guid(0c752da273b17c547ae705acf0f2adf2) Importer(2089858483,b0f066a214c2f5e87bad3c948f4d605d)
Start importing Assets/Plugins/FMOD/FMODUnity.asmdef using Guid(0c752da273b17c547ae705acf0f2adf2) Importer(2089858483,b0f066a214c2f5e87bad3c948f4d605d) (ScriptedImporter) -> (artifact id: '93a5a74874c6265a61677872787fcc02') in 0.002128583 seconds
Number of updated asset objects reloaded before import = 0Number of asset objects unloaded after import = 1

========================================================================
Received Import Request.
  Time since last request: 0.000035 seconds.
  path: Assets/Plugins/FMOD/src/Editor/StudioParameterTriggerEditor.cs
  artifactKey: Guid(dc94d213814ef1a42b0ca8ee00dd4728) Importer(2089858483,b0f066a214c2f5e87bad3c948f4d605d)
Start importing Assets/Plugins/FMOD/src/Editor/StudioParameterTriggerEditor.cs using Guid(dc94d213814ef1a42b0ca8ee00dd4728) Importer(2089858483,b0f066a214c2f5e87bad3c948f4d605d) (ScriptedImporter) -> (artifact id: 'bc547e3131680c8b19a4d5ff399ea1b3') in 0.002016584 seconds
Number of updated asset objects reloaded before import = 0Number of asset objects unloaded after import = 0

========================================================================
Received Import Request.
  Time since last request: 0.000048 seconds.
  path: Assets/Plugins/FMOD/images/ArrowIcon.png
  artifactKey: Guid(01c0101f357b9da4ba78b8f58c290f86) Importer(2089858483,b0f066a214c2f5e87bad3c948f4d605d)
Start importing Assets/Plugins/FMOD/images/ArrowIcon.png using Guid(01c0101f357b9da4ba78b8f58c290f86) Importer(2089858483,b0f066a214c2f5e87bad3c948f4d605d) (ScriptedImporter) -> (artifact id: 'd36489dede3bea45c87f18b66455cefb') in 0.004280542 seconds
Number of updated asset objects reloaded before import = 0Number of asset objects unloaded after import = 1

========================================================================
Received Import Request.
  Time since last request: 0.000060 seconds.
  path: Assets/Plugins/FMOD/platforms/android/lib/armeabi-v7a/libfmodstudio.so
  artifactKey: Guid(cf01ad74bd6e5df46996c61b81ba590c) Importer(2089858483,b0f066a214c2f5e87bad3c948f4d605d)
Start importing Assets/Plugins/FMOD/platforms/android/lib/armeabi-v7a/libfmodstudio.so using Guid(cf01ad74bd6e5df46996c61b81ba590c) Importer(2089858483,b0f066a214c2f5e87bad3c948f4d605d) (ScriptedImporter) -> (artifact id: '8862be414f2a218a6d19ca17cd7583a3') in 0.001925333 seconds
Number of updated asset objects reloaded before import = 0Number of asset objects unloaded after import = 0

========================================================================
Received Import Request.
  Time since last request: 0.000039 seconds.
  path: Assets/Plugins/FMOD/platform_ios.mm
  artifactKey: Guid(fc7eb3c9194584004bdf04921e5cb057) Importer(2089858483,b0f066a214c2f5e87bad3c948f4d605d)
Start importing Assets/Plugins/FMOD/platform_ios.mm using Guid(fc7eb3c9194584004bdf04921e5cb057) Importer(2089858483,b0f066a214c2f5e87bad3c948f4d605d) (ScriptedImporter) -> (artifact id: '03efd4d7b889dcbe7efcd607548be127') in 0.002300042 seconds
Number of updated asset objects reloaded before import = 0Number of asset objects unloaded after import = 0

========================================================================
Received Import Request.
  Time since last request: 0.000070 seconds.
  path: Assets/Roguelike2D/ExtendedVersion/Themes/Urban/Animation/UrbanPlayer/UrbanScavengerWalk.anim
  artifactKey: Guid(1cdc66c0ad9414b48b022eb88577ea9a) Importer(2089858483,b0f066a214c2f5e87bad3c948f4d605d)
Start importing Assets/Roguelike2D/ExtendedVersion/Themes/Urban/Animation/UrbanPlayer/UrbanScavengerWalk.anim using Guid(1cdc66c0ad9414b48b022eb88577ea9a) Importer(2089858483,b0f066a214c2f5e87bad3c948f4d605d) (ScriptedImporter) -> (artifact id: '7ce69acdc35c31055d47d5e7d2e207ff') in 0.002434125 seconds
Number of updated asset objects reloaded before import = 0Number of asset objects unloaded after import = 1

========================================================================
Received Import Request.
  Time since last request: 0.000040 seconds.
  path: Assets/Plugins/FMOD/platforms/android/lib/armeabi-v7a/libfmod.so
  artifactKey: Guid(f71c8f89be7646142baed6d482d5e89c) Importer(2089858483,b0f066a214c2f5e87bad3c948f4d605d)
Start importing Assets/Plugins/FMOD/platforms/android/lib/armeabi-v7a/libfmod.so using Guid(f71c8f89be7646142baed6d482d5e89c) Importer(2089858483,b0f066a214c2f5e87bad3c948f4d605d) (ScriptedImporter) -> (artifact id: '19c58277017f429bd4e08a96b302e6e1') in 0.001883042 seconds
Number of updated asset objects reloaded before import = 0Number of asset objects unloaded after import = 0

========================================================================
Received Import Request.
  Time since last request: 0.000063 seconds.
  path: Assets/Roguelike2D/ExtendedVersion/Themes/Snow/SnowTheme.asset
  artifactKey: Guid(c3ba257faa4e1d648b276341563ff027) Importer(2089858483,b0f066a214c2f5e87bad3c948f4d605d)
Start importing Assets/Roguelike2D/ExtendedVersion/Themes/Snow/SnowTheme.asset using Guid(c3ba257faa4e1d648b276341563ff027) Importer(2089858483,b0f066a214c2f5e87bad3c948f4d605d) (ScriptedImporter) -> (artifact id: '6cac3160175f8e1711fa09bb8c3ab878') in 0.006324166 seconds
Number of updated asset objects reloaded before import = 0Number of asset objects unloaded after import = 53

========================================================================
Received Import Request.
  Time since last request: 0.000054 seconds.
  path: Assets/Roguelike2D/ExtendedVersion/Themes/Snow/Animation/SnowPlayer/SnowPlayerIdle.anim
  artifactKey: Guid(88cfee64c67648640a1134bf067cc3c5) Importer(2089858483,b0f066a214c2f5e87bad3c948f4d605d)
Start importing Assets/Roguelike2D/ExtendedVersion/Themes/Snow/Animation/SnowPlayer/SnowPlayerIdle.anim using Guid(88cfee64c67648640a1134bf067cc3c5) Importer(2089858483,b0f066a214c2f5e87bad3c948f4d605d) (ScriptedImporter) -> (artifact id: 'acfe66af9d3d63c7cc7a91f160f9995b') in 0.002690292 seconds
Number of updated asset objects reloaded before import = 0Number of asset objects unloaded after import = 1

========================================================================
Received Import Request.
  Time since last request: 0.000041 seconds.
  path: Assets/Roguelike2D/ExtendedVersion/Themes/Urban/Animation/UrbanPlayer/UrbanScavengerAnimatorController.controller
  artifactKey: Guid(c2086d91461cade48bbba7da3371dc5f) Importer(2089858483,b0f066a214c2f5e87bad3c948f4d605d)
Start importing Assets/Roguelike2D/ExtendedVersion/Themes/Urban/Animation/UrbanPlayer/UrbanScavengerAnimatorController.controller using Guid(c2086d91461cade48bbba7da3371dc5f) Importer(2089858483,b0f066a214c2f5e87bad3c948f4d605d) (ScriptedImporter) -> (artifact id: '37930d79e196624c371e5ba8aefc3f96') in 0.002477083 seconds
Number of updated asset objects reloaded before import = 0Number of asset objects unloaded after import = 16

========================================================================
Received Import Request.
  Time since last request: 0.000043 seconds.
  path: Assets/Plugins/FMOD/src/PlatformMobileLow.cs
  artifactKey: Guid(3abeb1429547a134480f4f2f1efc7e21) Importer(2089858483,b0f066a214c2f5e87bad3c948f4d605d)
Start importing Assets/Plugins/FMOD/src/PlatformMobileLow.cs using Guid(3abeb1429547a134480f4f2f1efc7e21) Importer(2089858483,b0f066a214c2f5e87bad3c948f4d605d) (ScriptedImporter) -> (artifact id: 'a98edf4d7e3a562b5946756a4d202504') in 0.001880958 seconds
Number of updated asset objects reloaded before import = 0Number of asset objects unloaded after import = 0

========================================================================
Received Import Request.
  Time since last request: 0.000056 seconds.
  path: Assets/Plugins/FMOD/platforms/win/lib/x86/fmodstudioL.dll
  artifactKey: Guid(0e4525eed388c4ab2a1764758117aac7) Importer(2089858483,b0f066a214c2f5e87bad3c948f4d605d)
Start importing Assets/Plugins/FMOD/platforms/win/lib/x86/fmodstudioL.dll using Guid(0e4525eed388c4ab2a1764758117aac7) Importer(2089858483,b0f066a214c2f5e87bad3c948f4d605d) (ScriptedImporter) -> (artifact id: '23a53d58ef4050e23420ce586f5e068e') in 0.002047 seconds
Number of updated asset objects reloaded before import = 0Number of asset objects unloaded after import = 0

========================================================================
Received Import Request.
  Time since last request: 0.000049 seconds.
  path: Assets/Plugins/FMOD/src/Editor/EventReferenceUpdater.cs
  artifactKey: Guid(0b58df65bd3bb6649801b24a7a942ccb) Importer(2089858483,b0f066a214c2f5e87bad3c948f4d605d)
Start importing Assets/Plugins/FMOD/src/Editor/EventReferenceUpdater.cs using Guid(0b58df65bd3bb6649801b24a7a942ccb) Importer(2089858483,b0f066a214c2f5e87bad3c948f4d605d) (ScriptedImporter) -> (artifact id: 'a0c18653f5ceb0c7e08e227ff7ad6fb0') in 0.001700625 seconds
Number of updated asset objects reloaded before import = 0Number of asset objects unloaded after import = 0

========================================================================
Received Import Request.
  Time since last request: 0.000042 seconds.
  path: Assets/Plugins/FMOD/images/NotFound.png
  artifactKey: Guid(1138ab068176f29499337d7a73dfecd9) Importer(2089858483,b0f066a214c2f5e87bad3c948f4d605d)
Start importing Assets/Plugins/FMOD/images/NotFound.png using Guid(1138ab068176f29499337d7a73dfecd9) Importer(2089858483,b0f066a214c2f5e87bad3c948f4d605d) (ScriptedImporter) -> (artifact id: 'ac3f3a5858adc4169e2e608f863390fd') in 0.00432775 seconds
Number of updated asset objects reloaded before import = 0Number of asset objects unloaded after import = 1

========================================================================
Received Import Request.
  Time since last request: 0.000058 seconds.
  path: Assets/Plugins/FMOD/platforms/uwp/lib/x64/fmodstudio.dll
  artifactKey: Guid(29800d7cce1a5fc46ae163c8a68d8346) Importer(2089858483,b0f066a214c2f5e87bad3c948f4d605d)
Start importing Assets/Plugins/FMOD/platforms/uwp/lib/x64/fmodstudio.dll using Guid(29800d7cce1a5fc46ae163c8a68d8346) Importer(2089858483,b0f066a214c2f5e87bad3c948f4d605d) (ScriptedImporter) -> (artifact id: '80fa2981063490bf74bf5228a4e9cfc9') in 0.00233225 seconds
Number of updated asset objects reloaded before import = 0Number of asset objects unloaded after import = 0

========================================================================
Received Import Request.
  Time since last request: 0.000050 seconds.
  path: Assets/Roguelike2D/TutorialAssets/Fonts/OFL.txt
  artifactKey: Guid(5014456921e71459d869c8378fed6ca3) Importer(2089858483,b0f066a214c2f5e87bad3c948f4d605d)
Start importing Assets/Roguelike2D/TutorialAssets/Fonts/OFL.txt using Guid(5014456921e71459d869c8378fed6ca3) Importer(2089858483,b0f066a214c2f5e87bad3c948f4d605d) (ScriptedImporter) -> (artifact id: 'e9ba75d66b589b5596f0a0c0cf9e18fa') in 0.002067541 seconds
Number of updated asset objects reloaded before import = 0Number of asset objects unloaded after import = 1

========================================================================
Received Import Request.
  Time since last request: 0.000045 seconds.
  path: Assets/Roguelike2D/ExtendedVersion/Themes/Urban/UrbanWorldSettings.asset
  artifactKey: Guid(6fb8f306907ede84386601ed1602d11f) Importer(2089858483,b0f066a214c2f5e87bad3c948f4d605d)
Start importing Assets/Roguelike2D/ExtendedVersion/Themes/Urban/UrbanWorldSettings.asset using Guid(6fb8f306907ede84386601ed1602d11f) Importer(2089858483,b0f066a214c2f5e87bad3c948f4d605d) (ScriptedImporter) -> (artifact id: '1cd94eafa3aef1835c10e0f90a244ea2') in 0.006196958 seconds
Number of updated asset objects reloaded before import = 0Number of asset objects unloaded after import = 101

